text,platform,timestamp,likes,impressions,comments,hour,day_of_week,text_length,sentiment,platform_LinkedIn,platform_Twitter
Why storytelling matters in product design ğŸ“š,Twitter,2023-10-02 22:15:00,35,735,3,22,0,44,0.0,False,True
Why storytelling matters in product design ğŸ“š,LinkedIn,2025-12-22 18:00:00,42,756,8,18,0,44,0.0,True,False
How to stay productive while working remotely ğŸ’»,LinkedIn,2025-05-22 14:45:00,10,110,0,14,3,47,-0.1,True,False
Why storytelling matters in product design ğŸ“š,LinkedIn,2025-10-26 22:00:00,17,391,0,22,6,44,0.0,True,False
Excited to announce our new product launch ğŸš€,LinkedIn,2025-02-24 15:00:00,39,507,2,15,0,44,0.2556818181818182,True,False
Our new office space is ready! Take a look ğŸ¢,LinkedIn,2024-07-16 22:00:00,69,1449,8,22,1,44,0.19318181818181818,True,False
Reflecting on our startup journey so far âœ¨,Twitter,2024-02-19 19:30:00,37,777,5,19,0,42,0.1,False,True
Throwback to our team retreat last year ğŸŒ´,Twitter,2023-10-02 14:30:00,19,418,1,14,0,41,0.0,False,True
"We just hit 10,000 followers, thank you all ğŸ™Œ",LinkedIn,2023-01-28 15:00:00,2,30,0,15,5,45,0.0,True,False
Our new office space is ready! Take a look ğŸ¢,LinkedIn,2023-02-27 21:00:00,43,516,4,21,0,44,0.19318181818181818,True,False
Hereâ€™s a quick tip for growing on LinkedIn ğŸ“ˆ,LinkedIn,2025-11-07 15:30:00,46,782,6,15,4,44,0.3333333333333333,True,False
Excited to announce our new product launch ğŸš€,Twitter,2023-01-13 11:45:00,39,429,4,11,4,44,0.2556818181818182,False,True
How to stay productive while working remotely ğŸ’»,LinkedIn,2024-04-27 20:45:00,16,288,0,20,5,47,-0.1,True,False
5 tools every startup should be using today ğŸ”§,Twitter,2024-06-24 21:30:00,47,564,4,21,0,45,0.0,False,True
Hereâ€™s a quick tip for growing on LinkedIn ğŸ“ˆ,LinkedIn,2023-04-25 17:30:00,47,1175,7,17,1,44,0.3333333333333333,True,False
Excited to announce our new product launch ğŸš€,LinkedIn,2024-08-18 09:00:00,44,572,6,9,6,44,0.2556818181818182,True,False
Our new office space is ready! Take a look ğŸ¢,LinkedIn,2023-10-09 06:00:00,24,480,4,6,0,44,0.19318181818181818,True,False
Excited to announce our new product launch ğŸš€,LinkedIn,2024-12-23 09:15:00,50,700,4,9,0,44,0.2556818181818182,True,False
Throwback to our team retreat last year ğŸŒ´,LinkedIn,2024-01-01 22:45:00,30,570,5,22,0,41,0.0,True,False
Our new office space is ready! Take a look ğŸ¢,LinkedIn,2025-06-20 06:15:00,40,1120,5,6,4,44,0.19318181818181818,True,False
Hereâ€™s a quick tip for growing on LinkedIn ğŸ“ˆ,Twitter,2025-07-04 06:30:00,53,954,7,6,4,44,0.3333333333333333,False,True
Excited to announce our new product launch ğŸš€,Twitter,2025-11-19 08:15:00,45,675,2,8,2,44,0.2556818181818182,False,True
"We just hit 10,000 followers, thank you all ğŸ™Œ",Twitter,2025-01-26 12:15:00,25,525,1,12,6,45,0.0,False,True
Our new office space is ready! Take a look ğŸ¢,LinkedIn,2025-04-15 19:30:00,29,348,3,19,1,44,0.19318181818181818,True,False
Excited to announce our new product launch ğŸš€,Twitter,2024-06-04 22:00:00,44,924,2,22,1,44,0.2556818181818182,False,True
5 tools every startup should be using today ğŸ”§,LinkedIn,2023-04-05 17:00:00,42,1008,8,17,2,45,0.0,True,False
Join us for a live webinar on AI and the future ğŸ§ ,LinkedIn,2025-12-25 16:15:00,23,621,1,16,3,49,0.06818181818181818,True,False
5 tools every startup should be using today ğŸ”§,Twitter,2025-11-01 16:30:00,30,900,4,16,5,45,0.0,False,True
How to stay productive while working remotely ğŸ’»,Twitter,2023-05-28 12:30:00,0,0,0,12,6,47,-0.1,False,True
How to stay productive while working remotely ğŸ’»,Twitter,2024-10-22 19:15:00,10,150,1,19,1,47,-0.1,False,True
How to stay productive while working remotely ğŸ’»,Twitter,2025-09-23 17:45:00,36,396,3,17,1,47,-0.1,False,True
Excited to announce our new product launch ğŸš€,Twitter,2025-12-24 06:30:00,29,319,3,6,2,44,0.2556818181818182,False,True
Reflecting on our startup journey so far âœ¨,Twitter,2023-08-13 13:00:00,13,312,1,13,6,42,0.1,False,True
"We just hit 10,000 followers, thank you all ğŸ™Œ",LinkedIn,2025-11-05 22:45:00,13,143,1,22,2,45,0.0,True,False
How to stay productive while working remotely ğŸ’»,LinkedIn,2025-06-23 17:00:00,38,760,6,17,0,47,-0.1,True,False
How to stay productive while working remotely ğŸ’»,Twitter,2025-07-08 14:45:00,2,58,0,14,1,47,-0.1,False,True
Hereâ€™s a quick tip for growing on LinkedIn ğŸ“ˆ,LinkedIn,2023-05-13 16:00:00,82,1148,6,16,5,44,0.3333333333333333,True,False
How to stay productive while working remotely ğŸ’»,Twitter,2024-06-11 16:00:00,32,768,2,16,1,47,-0.1,False,True
"We just hit 10,000 followers, thank you all ğŸ™Œ",LinkedIn,2023-04-15 18:00:00,7,182,0,18,5,45,0.0,True,False
Why storytelling matters in product design ğŸ“š,LinkedIn,2024-12-19 12:00:00,46,736,8,12,3,44,0.0,True,False
Reflecting on our startup journey so far âœ¨,Twitter,2024-12-07 19:30:00,28,616,1,19,5,42,0.1,False,True
Throwback to our team retreat last year ğŸŒ´,LinkedIn,2025-08-10 07:15:00,32,448,1,7,6,41,0.0,True,False
"We just hit 10,000 followers, thank you all ğŸ™Œ",LinkedIn,2023-04-08 19:30:00,36,612,6,19,5,45,0.0,True,False
Why storytelling matters in product design ğŸ“š,Twitter,2025-09-09 21:45:00,27,648,5,21,1,44,0.0,False,True
Throwback to our team retreat last year ğŸŒ´,LinkedIn,2025-05-22 15:00:00,50,550,5,15,3,41,0.0,True,False
Hereâ€™s a quick tip for growing on LinkedIn ğŸ“ˆ,LinkedIn,2025-10-03 17:45:00,74,888,4,17,4,44,0.3333333333333333,True,False
Hereâ€™s a quick tip for growing on LinkedIn ğŸ“ˆ,Twitter,2024-11-02 14:45:00,74,1332,11,14,5,44,0.3333333333333333,False,True
Hereâ€™s a quick tip for growing on LinkedIn ğŸ“ˆ,Twitter,2023-03-21 21:30:00,38,608,5,21,1,44,0.3333333333333333,False,True
Join us for a live webinar on AI and the future ğŸ§ ,LinkedIn,2024-07-24 10:15:00,19,551,3,10,2,49,0.06818181818181818,True,False
How to stay productive while working remotely ğŸ’»,Twitter,2025-09-12 18:15:00,40,760,3,18,4,47,-0.1,False,True
Our new office space is ready! Take a look ğŸ¢,LinkedIn,2025-03-16 08:15:00,69,828,13,8,6,44,0.19318181818181818,True,False
"We just hit 10,000 followers, thank you all ğŸ™Œ",Twitter,2024-12-20 12:45:00,24,696,2,12,4,45,0.0,False,True
Join us for a live webinar on AI and the future ğŸ§ ,Twitter,2024-04-15 12:45:00,27,702,5,12,0,49,0.06818181818181818,False,True
Join us for a live webinar on AI and the future ğŸ§ ,LinkedIn,2023-09-04 19:45:00,50,900,9,19,0,49,0.06818181818181818,True,False
Throwback to our team retreat last year ğŸŒ´,LinkedIn,2024-11-09 08:45:00,37,999,2,8,5,41,0.0,True,False
"We just hit 10,000 followers, thank you all ğŸ™Œ",Twitter,2025-10-26 08:45:00,44,528,5,8,6,45,0.0,False,True
Join us for a live webinar on AI and the future ğŸ§ ,Twitter,2023-07-05 13:00:00,40,400,6,13,2,49,0.06818181818181818,False,True
Why storytelling matters in product design ğŸ“š,Twitter,2025-11-08 18:15:00,24,312,4,18,5,44,0.0,False,True
Our new office space is ready! Take a look ğŸ¢,LinkedIn,2025-05-28 13:15:00,57,1083,5,13,2,44,0.19318181818181818,True,False
How to stay productive while working remotely ğŸ’»,LinkedIn,2025-05-25 13:00:00,37,370,6,13,6,47,-0.1,True,False
5 tools every startup should be using today ğŸ”§,Twitter,2024-05-28 19:00:00,10,230,0,19,1,45,0.0,False,True
Our new office space is ready! Take a look ğŸ¢,Twitter,2024-03-08 08:00:00,44,1188,6,8,4,44,0.19318181818181818,False,True
Join us for a live webinar on AI and the future ğŸ§ ,Twitter,2024-09-04 07:00:00,41,779,5,7,2,49,0.06818181818181818,False,True
Hereâ€™s a quick tip for growing on LinkedIn ğŸ“ˆ,LinkedIn,2024-07-07 21:45:00,79,1975,10,21,6,44,0.3333333333333333,True,False
Why storytelling matters in product design ğŸ“š,LinkedIn,2024-04-11 19:00:00,50,1450,8,19,3,44,0.0,True,False
Reflecting on our startup journey so far âœ¨,LinkedIn,2024-09-09 09:45:00,33,693,2,9,0,42,0.1,True,False
Why storytelling matters in product design ğŸ“š,Twitter,2024-09-03 19:15:00,38,570,2,19,1,44,0.0,False,True
Reflecting on our startup journey so far âœ¨,LinkedIn,2023-07-01 12:00:00,18,252,1,12,5,42,0.1,True,False
"We just hit 10,000 followers, thank you all ğŸ™Œ",LinkedIn,2025-02-25 13:45:00,8,224,0,13,1,45,0.0,True,False
How to stay productive while working remotely ğŸ’»,Twitter,2024-06-21 14:00:00,26,650,1,14,4,47,-0.1,False,True
Our new office space is ready! Take a look ğŸ¢,LinkedIn,2024-06-02 20:45:00,22,220,2,20,6,44,0.19318181818181818,True,False
Join us for a live webinar on AI and the future ğŸ§ ,Twitter,2023-04-22 13:45:00,40,960,2,13,5,49,0.06818181818181818,False,True
Why storytelling matters in product design ğŸ“š,LinkedIn,2025-10-25 16:00:00,30,660,2,16,5,44,0.0,True,False
"We just hit 10,000 followers, thank you all ğŸ™Œ",LinkedIn,2025-10-12 21:15:00,35,455,4,21,6,45,0.0,True,False
Join us for a live webinar on AI and the future ğŸ§ ,LinkedIn,2023-05-15 19:15:00,24,408,2,19,0,49,0.06818181818181818,True,False
5 tools every startup should be using today ğŸ”§,Twitter,2023-02-13 08:45:00,4,48,0,8,0,45,0.0,False,True
Hereâ€™s a quick tip for growing on LinkedIn ğŸ“ˆ,Twitter,2025-04-16 16:45:00,33,363,5,16,2,44,0.3333333333333333,False,True
Throwback to our team retreat last year ğŸŒ´,LinkedIn,2024-05-03 06:00:00,23,253,4,6,4,41,0.0,True,False
5 tools every startup should be using today ğŸ”§,Twitter,2025-09-20 10:15:00,44,1320,8,10,5,45,0.0,False,True
"We just hit 10,000 followers, thank you all ğŸ™Œ",LinkedIn,2025-03-11 19:00:00,6,162,1,19,1,45,0.0,True,False
5 tools every startup should be using today ğŸ”§,Twitter,2024-05-17 11:15:00,15,405,1,11,4,45,0.0,False,True
Reflecting on our startup journey so far âœ¨,Twitter,2024-07-28 09:30:00,38,836,4,9,6,42,0.1,False,True
Reflecting on our startup journey so far âœ¨,LinkedIn,2024-10-27 10:30:00,48,1440,6,10,6,42,0.1,True,False
Hereâ€™s a quick tip for growing on LinkedIn ğŸ“ˆ,Twitter,2024-04-15 10:15:00,37,703,3,10,0,44,0.3333333333333333,False,True
Reflecting on our startup journey so far âœ¨,LinkedIn,2025-11-16 21:45:00,37,1073,2,21,6,42,0.1,True,False
Reflecting on our startup journey so far âœ¨,LinkedIn,2024-05-02 11:45:00,36,972,2,11,3,42,0.1,True,False
Reflecting on our startup journey so far âœ¨,Twitter,2024-02-17 18:45:00,44,1320,7,18,5,42,0.1,False,True
Reflecting on our startup journey so far âœ¨,LinkedIn,2023-10-27 21:30:00,51,816,7,21,4,42,0.1,True,False
How to stay productive while working remotely ğŸ’»,Twitter,2023-04-11 07:00:00,35,490,1,7,1,47,-0.1,False,True
Reflecting on our startup journey so far âœ¨,Twitter,2024-08-14 21:30:00,10,240,0,21,2,42,0.1,False,True
Reflecting on our startup journey so far âœ¨,LinkedIn,2023-11-02 06:45:00,43,731,5,6,3,42,0.1,True,False
Reflecting on our startup journey so far âœ¨,Twitter,2025-04-08 11:30:00,51,714,6,11,1,42,0.1,False,True
"We just hit 10,000 followers, thank you all ğŸ™Œ",LinkedIn,2024-05-11 16:00:00,7,84,0,16,5,45,0.0,True,False
Why storytelling matters in product design ğŸ“š,LinkedIn,2025-06-20 20:30:00,31,372,2,20,4,44,0.0,True,False
Our new office space is ready! Take a look ğŸ¢,Twitter,2023-03-09 14:30:00,43,430,5,14,3,44,0.19318181818181818,False,True
Our new office space is ready! Take a look ğŸ¢,LinkedIn,2024-03-03 14:45:00,21,588,2,14,6,44,0.19318181818181818,True,False
5 tools every startup should be using today ğŸ”§,Twitter,2024-02-03 10:15:00,18,252,2,10,5,45,0.0,False,True
How to stay productive while working remotely ğŸ’»,Twitter,2024-09-13 20:30:00,40,1200,7,20,4,47,-0.1,False,True
Join us for a live webinar on AI and the future ğŸ§ ,Twitter,2023-06-18 07:00:00,21,252,1,7,6,49,0.06818181818181818,False,True
Hereâ€™s a quick tip for growing on LinkedIn ğŸ“ˆ,LinkedIn,2023-09-08 15:00:00,75,1350,7,15,4,44,0.3333333333333333,True,False
Excited to announce our new product launch ğŸš€,LinkedIn,2025-08-13 13:15:00,70,1680,5,13,2,44,0.2556818181818182,True,False
5 tools every startup should be using today ğŸ”§,Twitter,2024-06-15 21:45:00,48,1248,7,21,5,45,0.0,False,True
Reflecting on our startup journey so far âœ¨,LinkedIn,2024-11-22 21:15:00,11,176,1,21,4,42,0.1,True,False
Our new office space is ready! Take a look ğŸ¢,Twitter,2025-09-20 19:45:00,48,1152,6,19,5,44,0.19318181818181818,False,True
Join us for a live webinar on AI and the future ğŸ§ ,Twitter,2023-03-12 19:00:00,22,308,4,19,6,49,0.06818181818181818,False,True
Join us for a live webinar on AI and the future ğŸ§ ,Twitter,2023-08-11 13:45:00,39,390,5,13,4,49,0.06818181818181818,False,True
Throwback to our team retreat last year ğŸŒ´,Twitter,2023-07-11 13:15:00,5,50,0,13,1,41,0.0,False,True
5 tools every startup should be using today ğŸ”§,Twitter,2024-04-20 08:45:00,12,180,1,8,5,45,0.0,False,True
Hereâ€™s a quick tip for growing on LinkedIn ğŸ“ˆ,LinkedIn,2023-04-23 18:00:00,74,888,5,18,6,44,0.3333333333333333,True,False
"We just hit 10,000 followers, thank you all ğŸ™Œ",LinkedIn,2023-09-12 11:00:00,22,242,1,11,1,45,0.0,True,False
Excited to announce our new product launch ğŸš€,LinkedIn,2024-02-11 08:30:00,50,1500,3,8,6,44,0.2556818181818182,True,False
5 tools every startup should be using today ğŸ”§,Twitter,2023-08-16 11:15:00,50,1000,6,11,2,45,0.0,False,True
5 tools every startup should be using today ğŸ”§,Twitter,2023-10-07 14:30:00,19,475,3,14,5,45,0.0,False,True
Join us for a live webinar on AI and the future ğŸ§ ,LinkedIn,2024-01-09 18:15:00,39,468,3,18,1,49,0.06818181818181818,True,False
Join us for a live webinar on AI and the future ğŸ§ ,LinkedIn,2024-09-13 12:30:00,49,833,6,12,4,49,0.06818181818181818,True,False
Why storytelling matters in product design ğŸ“š,Twitter,2025-01-26 21:30:00,8,112,1,21,6,44,0.0,False,True
"We just hit 10,000 followers, thank you all ğŸ™Œ",Twitter,2023-02-15 14:45:00,5,55,0,14,2,45,0.0,False,True
Our new office space is ready! Take a look ğŸ¢,LinkedIn,2025-12-07 22:15:00,71,1491,7,22,6,44,0.19318181818181818,True,False
Excited to announce our new product launch ğŸš€,LinkedIn,2024-07-04 20:30:00,71,2130,7,20,3,44,0.2556818181818182,True,False
Our new office space is ready! Take a look ğŸ¢,LinkedIn,2025-05-26 22:00:00,37,999,4,22,0,44,0.19318181818181818,True,False
Excited to announce our new product launch ğŸš€,LinkedIn,2024-04-13 09:30:00,69,1863,13,9,5,44,0.2556818181818182,True,False
Hereâ€™s a quick tip for growing on LinkedIn ğŸ“ˆ,LinkedIn,2023-08-23 13:15:00,77,770,12,13,2,44,0.3333333333333333,True,False
Why storytelling matters in product design ğŸ“š,LinkedIn,2024-05-28 06:30:00,35,560,6,6,1,44,0.0,True,False
5 tools every startup should be using today ğŸ”§,LinkedIn,2024-09-21 09:00:00,25,475,2,9,5,45,0.0,True,False
Excited to announce our new product launch ğŸš€,Twitter,2025-07-13 11:45:00,52,624,9,11,6,44,0.2556818181818182,False,True
Why storytelling matters in product design ğŸ“š,Twitter,2023-01-10 19:30:00,5,100,0,19,1,44,0.0,False,True
Throwback to our team retreat last year ğŸŒ´,Twitter,2025-06-18 11:15:00,30,870,5,11,2,41,0.0,False,True
Reflecting on our startup journey so far âœ¨,Twitter,2023-10-25 16:30:00,46,828,6,16,2,42,0.1,False,True
Our new office space is ready! Take a look ğŸ¢,Twitter,2023-12-20 14:00:00,53,636,4,14,2,44,0.19318181818181818,False,True
Our new office space is ready! Take a look ğŸ¢,LinkedIn,2023-02-06 15:30:00,35,1015,5,15,0,44,0.19318181818181818,True,False
Join us for a live webinar on AI and the future ğŸ§ ,LinkedIn,2024-09-11 15:15:00,18,450,1,15,2,49,0.06818181818181818,True,False
Our new office space is ready! Take a look ğŸ¢,LinkedIn,2024-10-10 10:30:00,49,980,6,10,3,44,0.19318181818181818,True,False
Join us for a live webinar on AI and the future ğŸ§ ,Twitter,2024-04-21 14:30:00,17,442,2,14,6,49,0.06818181818181818,False,True
Why storytelling matters in product design ğŸ“š,Twitter,2024-06-24 08:45:00,46,598,3,8,0,44,0.0,False,True
Join us for a live webinar on AI and the future ğŸ§ ,LinkedIn,2024-03-23 15:45:00,27,378,4,15,5,49,0.06818181818181818,True,False
"We just hit 10,000 followers, thank you all ğŸ™Œ",LinkedIn,2024-08-04 09:30:00,11,319,1,9,6,45,0.0,True,False
Hereâ€™s a quick tip for growing on LinkedIn ğŸ“ˆ,LinkedIn,2023-04-12 16:00:00,72,1656,14,16,2,44,0.3333333333333333,True,False
5 tools every startup should be using today ğŸ”§,Twitter,2025-08-21 06:00:00,9,261,1,6,3,45,0.0,False,True
How to stay productive while working remotely ğŸ’»,Twitter,2024-12-20 07:30:00,3,42,0,7,4,47,-0.1,False,True
How to stay productive while working remotely ğŸ’»,Twitter,2024-12-06 16:30:00,2,44,0,16,4,47,-0.1,False,True
"We just hit 10,000 followers, thank you all ğŸ™Œ",Twitter,2023-12-21 20:00:00,33,594,4,20,3,45,0.0,False,True
Hereâ€™s a quick tip for growing on LinkedIn ğŸ“ˆ,LinkedIn,2023-01-11 11:15:00,41,574,2,11,2,44,0.3333333333333333,True,False
Hereâ€™s a quick tip for growing on LinkedIn ğŸ“ˆ,LinkedIn,2023-07-18 13:30:00,75,2250,6,13,1,44,0.3333333333333333,True,False
5 tools every startup should be using today ğŸ”§,LinkedIn,2023-11-16 13:30:00,45,810,2,13,3,45,0.0,True,False
"We just hit 10,000 followers, thank you all ğŸ™Œ",LinkedIn,2024-01-06 15:00:00,9,90,0,15,5,45,0.0,True,False
Hereâ€™s a quick tip for growing on LinkedIn ğŸ“ˆ,Twitter,2023-09-22 08:45:00,61,854,5,8,4,44,0.3333333333333333,False,True
Our new office space is ready! Take a look ğŸ¢,Twitter,2023-08-07 13:30:00,45,900,5,13,0,44,0.19318181818181818,False,True
Excited to announce our new product launch ğŸš€,LinkedIn,2023-11-10 18:45:00,38,1102,2,18,4,44,0.2556818181818182,True,False
5 tools every startup should be using today ğŸ”§,LinkedIn,2023-08-14 21:00:00,34,748,6,21,0,45,0.0,True,False
Join us for a live webinar on AI and the future ğŸ§ ,LinkedIn,2024-10-12 20:45:00,45,855,6,20,5,49,0.06818181818181818,True,False
Reflecting on our startup journey so far âœ¨,LinkedIn,2023-03-11 14:00:00,26,676,3,14,5,42,0.1,True,False
5 tools every startup should be using today ğŸ”§,Twitter,2025-10-16 19:00:00,34,884,2,19,3,45,0.0,False,True
Join us for a live webinar on AI and the future ğŸ§ ,LinkedIn,2023-05-01 21:30:00,32,576,4,21,0,49,0.06818181818181818,True,False
Our new office space is ready! Take a look ğŸ¢,LinkedIn,2025-08-10 06:45:00,37,444,5,6,6,44,0.19318181818181818,True,False
Join us for a live webinar on AI and the future ğŸ§ ,LinkedIn,2024-04-07 14:00:00,50,850,7,14,6,49,0.06818181818181818,True,False
Throwback to our team retreat last year ğŸŒ´,LinkedIn,2024-08-19 12:00:00,36,540,4,12,0,41,0.0,True,False
Hereâ€™s a quick tip for growing on LinkedIn ğŸ“ˆ,Twitter,2025-02-12 13:45:00,45,1170,7,13,2,44,0.3333333333333333,False,True
Our new office space is ready! Take a look ğŸ¢,LinkedIn,2023-10-23 22:00:00,35,595,3,22,0,44,0.19318181818181818,True,False
5 tools every startup should be using today ğŸ”§,Twitter,2024-03-05 17:30:00,20,280,1,17,1,45,0.0,False,True
How to stay productive while working remotely ğŸ’»,LinkedIn,2024-02-03 07:15:00,2,22,0,7,5,47,-0.1,True,False
Excited to announce our new product launch ğŸš€,Twitter,2024-04-12 06:45:00,67,670,6,6,4,44,0.2556818181818182,False,True
Join us for a live webinar on AI and the future ğŸ§ ,Twitter,2025-04-03 07:15:00,18,234,1,7,3,49,0.06818181818181818,False,True
Reflecting on our startup journey so far âœ¨,Twitter,2024-02-03 17:15:00,31,713,4,17,5,42,0.1,False,True
Reflecting on our startup journey so far âœ¨,LinkedIn,2024-01-10 15:15:00,28,728,3,15,2,42,0.1,True,False
Hereâ€™s a quick tip for growing on LinkedIn ğŸ“ˆ,LinkedIn,2023-09-19 20:45:00,70,1190,9,20,1,44,0.3333333333333333,True,False
Hereâ€™s a quick tip for growing on LinkedIn ğŸ“ˆ,LinkedIn,2023-05-05 13:30:00,66,924,9,13,4,44,0.3333333333333333,True,False
Why storytelling matters in product design ğŸ“š,Twitter,2023-05-25 16:15:00,47,799,4,16,3,44,0.0,False,True
How to stay productive while working remotely ğŸ’»,LinkedIn,2023-09-28 18:30:00,33,759,4,18,3,47,-0.1,True,False
How to stay productive while working remotely ğŸ’»,LinkedIn,2024-05-22 19:00:00,32,640,4,19,2,47,-0.1,True,False
Our new office space is ready! Take a look ğŸ¢,Twitter,2023-08-18 15:30:00,35,595,4,15,4,44,0.19318181818181818,False,True
Our new office space is ready! Take a look ğŸ¢,LinkedIn,2023-12-08 19:45:00,60,1200,4,19,4,44,0.19318181818181818,True,False
Excited to announce our new product launch ğŸš€,Twitter,2024-01-09 18:30:00,32,384,1,18,1,44,0.2556818181818182,False,True
How to stay productive while working remotely ğŸ’»,LinkedIn,2025-04-11 12:15:00,28,392,2,12,4,47,-0.1,True,False
Excited to announce our new product launch ğŸš€,Twitter,2023-08-05 11:45:00,37,629,3,11,5,44,0.2556818181818182,False,True
Throwback to our team retreat last year ğŸŒ´,LinkedIn,2023-04-09 10:15:00,42,714,5,10,6,41,0.0,True,False
5 tools every startup should be using today ğŸ”§,LinkedIn,2023-11-14 11:30:00,45,1260,4,11,1,45,0.0,True,False
Our new office space is ready! Take a look ğŸ¢,LinkedIn,2025-11-11 11:00:00,45,1260,8,11,1,44,0.19318181818181818,True,False
Excited to announce our new product launch ğŸš€,Twitter,2023-06-20 19:45:00,61,1586,5,19,1,44,0.2556818181818182,False,True
Join us for a live webinar on AI and the future ğŸ§ ,Twitter,2025-03-09 21:00:00,16,384,2,21,6,49,0.06818181818181818,False,True
Hereâ€™s a quick tip for growing on LinkedIn ğŸ“ˆ,LinkedIn,2023-10-08 09:45:00,82,2132,7,9,6,44,0.3333333333333333,True,False
Our new office space is ready! Take a look ğŸ¢,Twitter,2023-07-15 19:15:00,25,250,2,19,5,44,0.19318181818181818,False,True
How to stay productive while working remotely ğŸ’»,Twitter,2025-01-20 15:45:00,38,646,2,15,0,47,-0.1,False,True
5 tools every startup should be using today ğŸ”§,Twitter,2023-10-23 12:30:00,38,760,2,12,0,45,0.0,False,True
Our new office space is ready! Take a look ğŸ¢,LinkedIn,2024-03-28 19:00:00,28,840,2,19,3,44,0.19318181818181818,True,False
Our new office space is ready! Take a look ğŸ¢,LinkedIn,2025-01-20 12:30:00,28,420,2,12,0,44,0.19318181818181818,True,False
Hereâ€™s a quick tip for growing on LinkedIn ğŸ“ˆ,Twitter,2025-03-04 13:30:00,56,1624,10,13,1,44,0.3333333333333333,False,True
How to stay productive while working remotely ğŸ’»,Twitter,2024-02-28 10:30:00,22,594,1,10,2,47,-0.1,False,True
Reflecting on our startup journey so far âœ¨,Twitter,2024-10-01 19:45:00,57,1596,9,19,1,42,0.1,False,True
5 tools every startup should be using today ğŸ”§,LinkedIn,2025-02-17 12:15:00,21,357,1,12,0,45,0.0,True,False
Our new office space is ready! Take a look ğŸ¢,Twitter,2025-09-02 19:45:00,44,1232,6,19,1,44,0.19318181818181818,False,True
Join us for a live webinar on AI and the future ğŸ§ ,LinkedIn,2023-12-13 09:00:00,38,608,2,9,2,49,0.06818181818181818,True,False
5 tools every startup should be using today ğŸ”§,LinkedIn,2025-01-25 15:30:00,39,390,3,15,5,45,0.0,True,False
Throwback to our team retreat last year ğŸŒ´,LinkedIn,2024-12-12 13:15:00,13,312,0,13,3,41,0.0,True,False
Join us for a live webinar on AI and the future ğŸ§ ,Twitter,2025-10-10 18:30:00,44,880,6,18,4,49,0.06818181818181818,False,True
Why storytelling matters in product design ğŸ“š,Twitter,2025-10-27 20:00:00,30,330,1,20,0,44,0.0,False,True
Throwback to our team retreat last year ğŸŒ´,Twitter,2023-06-06 12:30:00,44,748,4,12,1,41,0.0,False,True
Throwback to our team retreat last year ğŸŒ´,Twitter,2023-02-01 16:00:00,40,960,5,16,2,41,0.0,False,True
Join us for a live webinar on AI and the future ğŸ§ ,LinkedIn,2023-09-13 22:30:00,54,1350,4,22,2,49,0.06818181818181818,True,False
Excited to announce our new product launch ğŸš€,Twitter,2025-11-18 06:15:00,65,1690,7,6,1,44,0.2556818181818182,False,True
Why storytelling matters in product design ğŸ“š,Twitter,2025-12-20 21:45:00,34,544,4,21,5,44,0.0,False,True
Excited to announce our new product launch ğŸš€,Twitter,2025-07-04 20:00:00,48,960,9,20,4,44,0.2556818181818182,False,True
Reflecting on our startup journey so far âœ¨,Twitter,2024-07-19 13:30:00,45,855,5,13,4,42,0.1,False,True
Excited to announce our new product launch ğŸš€,LinkedIn,2025-07-20 06:30:00,47,846,5,6,6,44,0.2556818181818182,True,False
Our new office space is ready! Take a look ğŸ¢,Twitter,2024-02-16 16:45:00,45,1215,5,16,4,44,0.19318181818181818,False,True
Reflecting on our startup journey so far âœ¨,LinkedIn,2024-10-03 22:45:00,37,592,6,22,3,42,0.1,True,False
Throwback to our team retreat last year ğŸŒ´,LinkedIn,2023-12-12 10:30:00,28,588,2,10,1,41,0.0,True,False
Why storytelling matters in product design ğŸ“š,Twitter,2025-12-13 14:00:00,37,481,6,14,5,44,0.0,False,True
Our new office space is ready! Take a look ğŸ¢,Twitter,2025-07-02 18:15:00,60,1620,4,18,2,44,0.19318181818181818,False,True
Join us for a live webinar on AI and the future ğŸ§ ,LinkedIn,2023-11-04 18:30:00,24,504,1,18,5,49,0.06818181818181818,True,False
Throwback to our team retreat last year ğŸŒ´,LinkedIn,2025-09-13 13:00:00,40,480,7,13,5,41,0.0,True,False
"We just hit 10,000 followers, thank you all ğŸ™Œ",Twitter,2025-11-10 17:45:00,37,777,5,17,0,45,0.0,False,True
Join us for a live webinar on AI and the future ğŸ§ ,Twitter,2025-02-02 09:30:00,10,250,1,9,6,49,0.06818181818181818,False,True
Hereâ€™s a quick tip for growing on LinkedIn ğŸ“ˆ,Twitter,2025-07-24 16:30:00,70,1400,12,16,3,44,0.3333333333333333,False,True
How to stay productive while working remotely ğŸ’»,LinkedIn,2025-05-18 21:30:00,1,16,0,21,6,47,-0.1,True,False
Why storytelling matters in product design ğŸ“š,Twitter,2025-08-04 12:00:00,35,805,1,12,0,44,0.0,False,True
Throwback to our team retreat last year ğŸŒ´,LinkedIn,2025-04-16 14:00:00,46,1012,8,14,2,41,0.0,True,False
5 tools every startup should be using today ğŸ”§,LinkedIn,2024-02-09 20:00:00,26,572,2,20,4,45,0.0,True,False
Excited to announce our new product launch ğŸš€,Twitter,2025-10-27 08:30:00,24,672,2,8,0,44,0.2556818181818182,False,True
Our new office space is ready! Take a look ğŸ¢,LinkedIn,2023-12-22 08:15:00,32,864,3,8,4,44,0.19318181818181818,True,False
"We just hit 10,000 followers, thank you all ğŸ™Œ",Twitter,2023-06-12 13:00:00,37,1110,6,13,0,45,0.0,False,True
Hereâ€™s a quick tip for growing on LinkedIn ğŸ“ˆ,Twitter,2025-06-19 22:00:00,52,624,8,22,3,44,0.3333333333333333,False,True
5 tools every startup should be using today ğŸ”§,LinkedIn,2025-10-01 07:15:00,45,495,6,7,2,45,0.0,True,False
5 tools every startup should be using today ğŸ”§,Twitter,2024-04-19 12:15:00,15,300,0,12,4,45,0.0,False,True
Reflecting on our startup journey so far âœ¨,Twitter,2023-05-18 07:45:00,41,1148,3,7,3,42,0.1,False,True
Our new office space is ready! Take a look ğŸ¢,LinkedIn,2024-10-28 17:30:00,63,693,4,17,0,44,0.19318181818181818,True,False
5 tools every startup should be using today ğŸ”§,LinkedIn,2025-03-03 11:30:00,28,840,4,11,0,45,0.0,True,False
Join us for a live webinar on AI and the future ğŸ§ ,Twitter,2023-05-04 18:15:00,10,230,1,18,3,49,0.06818181818181818,False,True
Hereâ€™s a quick tip for growing on LinkedIn ğŸ“ˆ,Twitter,2025-12-06 06:15:00,66,1122,8,6,5,44,0.3333333333333333,False,True
Join us for a live webinar on AI and the future ğŸ§ ,LinkedIn,2023-08-20 22:30:00,15,435,2,22,6,49,0.06818181818181818,True,False
Hereâ€™s a quick tip for growing on LinkedIn ğŸ“ˆ,Twitter,2024-07-03 12:15:00,30,300,4,12,2,44,0.3333333333333333,False,True
Join us for a live webinar on AI and the future ğŸ§ ,Twitter,2025-02-04 10:15:00,13,377,1,10,1,49,0.06818181818181818,False,True
Throwback to our team retreat last year ğŸŒ´,Twitter,2025-02-07 08:15:00,2,38,0,8,4,41,0.0,False,True
Excited to announce our new product launch ğŸš€,Twitter,2023-07-27 07:45:00,56,1400,7,7,3,44,0.2556818181818182,False,True
How to stay productive while working remotely ğŸ’»,Twitter,2024-06-15 07:15:00,0,0,0,7,5,47,-0.1,False,True
"We just hit 10,000 followers, thank you all ğŸ™Œ",LinkedIn,2024-01-27 08:30:00,32,512,3,8,5,45,0.0,True,False
Hereâ€™s a quick tip for growing on LinkedIn ğŸ“ˆ,LinkedIn,2025-10-03 08:00:00,52,780,2,8,4,44,0.3333333333333333,True,False
Hereâ€™s a quick tip for growing on LinkedIn ğŸ“ˆ,LinkedIn,2025-12-08 11:15:00,40,1200,2,11,0,44,0.3333333333333333,True,False
Reflecting on our startup journey so far âœ¨,Twitter,2023-06-28 22:00:00,30,630,1,22,2,42,0.1,False,True
Excited to announce our new product launch ğŸš€,LinkedIn,2024-06-01 11:15:00,55,770,8,11,5,44,0.2556818181818182,True,False
Hereâ€™s a quick tip for growing on LinkedIn ğŸ“ˆ,Twitter,2023-01-10 14:00:00,31,930,4,14,1,44,0.3333333333333333,False,True
How to stay productive while working remotely ğŸ’»,LinkedIn,2024-03-14 17:30:00,2,54,0,17,3,47,-0.1,True,False
"We just hit 10,000 followers, thank you all ğŸ™Œ",LinkedIn,2024-02-05 11:30:00,3,72,0,11,0,45,0.0,True,False
How to stay productive while working remotely ğŸ’»,LinkedIn,2024-02-09 22:15:00,0,0,0,22,4,47,-0.1,True,False
5 tools every startup should be using today ğŸ”§,Twitter,2024-10-24 07:15:00,19,475,2,7,3,45,0.0,False,True
Join us for a live webinar on AI and the future ğŸ§ ,LinkedIn,2024-06-24 15:45:00,27,486,2,15,0,49,0.06818181818181818,True,False
Excited to announce our new product launch ğŸš€,Twitter,2024-01-13 12:30:00,72,1944,6,12,5,44,0.2556818181818182,False,True
Throwback to our team retreat last year ğŸŒ´,Twitter,2023-11-10 15:45:00,37,1110,6,15,4,41,0.0,False,True
Why storytelling matters in product design ğŸ“š,LinkedIn,2023-03-01 08:30:00,7,119,0,8,2,44,0.0,True,False
Join us for a live webinar on AI and the future ğŸ§ ,Twitter,2025-02-07 12:45:00,11,143,2,12,4,49,0.06818181818181818,False,True
Why storytelling matters in product design ğŸ“š,Twitter,2024-12-18 15:15:00,36,720,3,15,2,44,0.0,False,True
Throwback to our team retreat last year ğŸŒ´,Twitter,2024-12-06 22:00:00,19,361,1,22,4,41,0.0,False,True
Excited to announce our new product launch ğŸš€,Twitter,2024-10-03 13:15:00,51,1122,7,13,3,44,0.2556818181818182,False,True
Our new office space is ready! Take a look ğŸ¢,LinkedIn,2024-06-24 17:30:00,25,275,1,17,0,44,0.19318181818181818,True,False
Reflecting on our startup journey so far âœ¨,Twitter,2024-03-19 07:30:00,17,493,0,7,1,42,0.1,False,True
Our new office space is ready! Take a look ğŸ¢,Twitter,2023-08-16 14:00:00,35,735,6,14,2,44,0.19318181818181818,False,True
Excited to announce our new product launch ğŸš€,LinkedIn,2023-10-10 21:00:00,61,1830,6,21,1,44,0.2556818181818182,True,False
5 tools every startup should be using today ğŸ”§,LinkedIn,2023-01-23 09:30:00,9,234,1,9,0,45,0.0,True,False
Throwback to our team retreat last year ğŸŒ´,Twitter,2024-07-21 06:00:00,5,135,0,6,6,41,0.0,False,True
Throwback to our team retreat last year ğŸŒ´,Twitter,2023-12-19 17:30:00,12,312,2,17,1,41,0.0,False,True
Throwback to our team retreat last year ğŸŒ´,LinkedIn,2024-04-22 08:45:00,47,987,8,8,0,41,0.0,True,False
Our new office space is ready! Take a look ğŸ¢,LinkedIn,2025-02-14 08:45:00,24,336,2,8,4,44,0.19318181818181818,True,False
"We just hit 10,000 followers, thank you all ğŸ™Œ",LinkedIn,2024-02-14 06:30:00,5,150,0,6,2,45,0.0,True,False
Throwback to our team retreat last year ğŸŒ´,Twitter,2023-09-24 12:00:00,33,363,5,12,6,41,0.0,False,True
How to stay productive while working remotely ğŸ’»,Twitter,2024-09-23 10:00:00,31,899,5,10,0,47,-0.1,False,True
Join us for a live webinar on AI and the future ğŸ§ ,Twitter,2025-06-05 12:30:00,25,400,4,12,3,49,0.06818181818181818,False,True
How to stay productive while working remotely ğŸ’»,Twitter,2024-10-26 12:00:00,5,145,0,12,5,47,-0.1,False,True
"We just hit 10,000 followers, thank you all ğŸ™Œ",Twitter,2024-11-04 15:30:00,20,520,2,15,0,45,0.0,False,True
Join us for a live webinar on AI and the future ğŸ§ ,Twitter,2024-07-08 10:15:00,24,528,2,10,0,49,0.06818181818181818,False,True
Join us for a live webinar on AI and the future ğŸ§ ,Twitter,2025-11-16 12:45:00,28,672,3,12,6,49,0.06818181818181818,False,True
5 tools every startup should be using today ğŸ”§,LinkedIn,2024-02-03 15:30:00,13,260,1,15,5,45,0.0,True,False
Why storytelling matters in product design ğŸ“š,Twitter,2025-06-12 07:30:00,24,576,2,7,3,44,0.0,False,True
Reflecting on our startup journey so far âœ¨,Twitter,2024-06-12 11:00:00,23,621,3,11,2,42,0.1,False,True
Excited to announce our new product launch ğŸš€,Twitter,2023-09-11 08:00:00,49,1078,3,8,0,44,0.2556818181818182,False,True
Hereâ€™s a quick tip for growing on LinkedIn ğŸ“ˆ,LinkedIn,2024-12-14 20:00:00,72,1440,8,20,5,44,0.3333333333333333,True,False
Hereâ€™s a quick tip for growing on LinkedIn ğŸ“ˆ,Twitter,2024-04-24 17:30:00,37,444,6,17,2,44,0.3333333333333333,False,True
Why storytelling matters in product design ğŸ“š,LinkedIn,2024-02-05 06:00:00,5,120,0,6,0,44,0.0,True,False
Our new office space is ready! Take a look ğŸ¢,Twitter,2023-08-09 16:15:00,53,689,5,16,2,44,0.19318181818181818,False,True
Join us for a live webinar on AI and the future ğŸ§ ,LinkedIn,2023-04-07 06:30:00,16,240,1,6,4,49,0.06818181818181818,True,False
Why storytelling matters in product design ğŸ“š,LinkedIn,2023-07-06 08:45:00,14,378,1,8,3,44,0.0,True,False
"We just hit 10,000 followers, thank you all ğŸ™Œ",Twitter,2023-04-22 15:00:00,44,792,6,15,5,45,0.0,False,True
Our new office space is ready! Take a look ğŸ¢,Twitter,2024-12-22 20:30:00,56,616,7,20,6,44,0.19318181818181818,False,True
Excited to announce our new product launch ğŸš€,LinkedIn,2025-08-18 08:45:00,77,1617,10,8,0,44,0.2556818181818182,True,False
Our new office space is ready! Take a look ğŸ¢,Twitter,2024-03-24 12:30:00,27,324,1,12,6,44,0.19318181818181818,False,True
Our new office space is ready! Take a look ğŸ¢,Twitter,2025-10-12 19:15:00,43,731,6,19,6,44,0.19318181818181818,False,True
How to stay productive while working remotely ğŸ’»,Twitter,2024-11-09 15:30:00,8,88,0,15,5,47,-0.1,False,True
Join us for a live webinar on AI and the future ğŸ§ ,Twitter,2025-04-17 18:45:00,36,432,2,18,3,49,0.06818181818181818,False,True
Hereâ€™s a quick tip for growing on LinkedIn ğŸ“ˆ,LinkedIn,2023-04-24 11:15:00,60,840,10,11,0,44,0.3333333333333333,True,False
Excited to announce our new product launch ğŸš€,LinkedIn,2023-12-01 13:15:00,43,989,6,13,4,44,0.2556818181818182,True,False
How to stay productive while working remotely ğŸ’»,LinkedIn,2023-07-22 13:00:00,18,396,1,13,5,47,-0.1,True,False
Excited to announce our new product launch ğŸš€,LinkedIn,2023-08-17 08:00:00,51,1122,8,8,3,44,0.2556818181818182,True,False
Why storytelling matters in product design ğŸ“š,LinkedIn,2024-03-10 10:45:00,31,558,4,10,6,44,0.0,True,False
5 tools every startup should be using today ğŸ”§,Twitter,2024-09-14 15:30:00,26,546,2,15,5,45,0.0,False,True
Our new office space is ready! Take a look ğŸ¢,LinkedIn,2025-06-25 06:30:00,42,672,6,6,2,44,0.19318181818181818,True,False
Throwback to our team retreat last year ğŸŒ´,LinkedIn,2025-03-24 19:00:00,9,117,1,19,0,41,0.0,True,False
Our new office space is ready! Take a look ğŸ¢,LinkedIn,2025-10-13 15:00:00,65,650,11,15,0,44,0.19318181818181818,True,False
How to stay productive while working remotely ğŸ’»,LinkedIn,2025-06-13 10:30:00,1,27,0,10,4,47,-0.1,True,False
Our new office space is ready! Take a look ğŸ¢,LinkedIn,2023-05-13 16:15:00,56,728,8,16,5,44,0.19318181818181818,True,False
Throwback to our team retreat last year ğŸŒ´,Twitter,2024-09-16 13:45:00,18,180,2,13,0,41,0.0,False,True
Join us for a live webinar on AI and the future ğŸ§ ,LinkedIn,2023-01-05 09:45:00,30,540,4,9,3,49,0.06818181818181818,True,False
Hereâ€™s a quick tip for growing on LinkedIn ğŸ“ˆ,Twitter,2024-09-14 17:15:00,52,988,9,17,5,44,0.3333333333333333,False,True
Reflecting on our startup journey so far âœ¨,Twitter,2024-02-17 11:30:00,34,918,3,11,5,42,0.1,False,True
5 tools every startup should be using today ğŸ”§,Twitter,2025-10-21 21:15:00,9,153,1,21,1,45,0.0,False,True
"We just hit 10,000 followers, thank you all ğŸ™Œ",LinkedIn,2023-03-23 07:30:00,40,1000,2,7,3,45,0.0,True,False
How to stay productive while working remotely ğŸ’»,Twitter,2024-06-16 06:45:00,1,28,0,6,6,47,-0.1,False,True
Excited to announce our new product launch ğŸš€,LinkedIn,2025-02-21 15:00:00,57,855,5,15,4,44,0.2556818181818182,True,False
Reflecting on our startup journey so far âœ¨,LinkedIn,2025-05-03 11:15:00,30,300,2,11,5,42,0.1,True,False
Join us for a live webinar on AI and the future ğŸ§ ,LinkedIn,2025-11-06 12:30:00,47,564,9,12,3,49,0.06818181818181818,True,False
Why storytelling matters in product design ğŸ“š,Twitter,2023-11-16 09:00:00,50,750,4,9,3,44,0.0,False,True
5 tools every startup should be using today ğŸ”§,LinkedIn,2025-03-06 17:45:00,5,95,0,17,3,45,0.0,True,False
Excited to announce our new product launch ğŸš€,Twitter,2024-02-23 14:00:00,66,1650,9,14,4,44,0.2556818181818182,False,True
Join us for a live webinar on AI and the future ğŸ§ ,LinkedIn,2025-05-19 21:15:00,52,520,7,21,0,49,0.06818181818181818,True,False
How to stay productive while working remotely ğŸ’»,LinkedIn,2023-08-22 18:15:00,14,336,2,18,1,47,-0.1,True,False
Throwback to our team retreat last year ğŸŒ´,Twitter,2024-08-19 12:45:00,19,437,1,12,0,41,0.0,False,True
Excited to announce our new product launch ğŸš€,LinkedIn,2023-11-20 09:45:00,34,986,5,9,0,44,0.2556818181818182,True,False
Join us for a live webinar on AI and the future ğŸ§ ,Twitter,2025-11-12 13:15:00,17,289,2,13,2,49,0.06818181818181818,False,True
"We just hit 10,000 followers, thank you all ğŸ™Œ",LinkedIn,2023-09-25 21:00:00,39,1014,6,21,0,45,0.0,True,False
"We just hit 10,000 followers, thank you all ğŸ™Œ",LinkedIn,2024-08-06 21:00:00,33,528,5,21,1,45,0.0,True,False
How to stay productive while working remotely ğŸ’»,LinkedIn,2024-10-03 21:15:00,0,0,0,21,3,47,-0.1,True,False
Our new office space is ready! Take a look ğŸ¢,Twitter,2025-02-20 20:45:00,37,592,7,20,3,44,0.19318181818181818,False,True
"We just hit 10,000 followers, thank you all ğŸ™Œ",Twitter,2025-11-26 18:45:00,40,440,6,18,2,45,0.0,False,True
Why storytelling matters in product design ğŸ“š,Twitter,2023-02-16 06:45:00,39,702,6,6,3,44,0.0,False,True
"We just hit 10,000 followers, thank you all ğŸ™Œ",LinkedIn,2024-04-18 14:45:00,7,126,0,14,3,45,0.0,True,False
Excited to announce our new product launch ğŸš€,Twitter,2025-02-06 12:45:00,40,520,6,12,3,44,0.2556818181818182,False,True
Excited to announce our new product launch ğŸš€,LinkedIn,2025-09-21 08:30:00,40,480,2,8,6,44,0.2556818181818182,True,False
How to stay productive while working remotely ğŸ’»,LinkedIn,2024-08-21 06:00:00,0,0,0,6,2,47,-0.1,True,False
Excited to announce our new product launch ğŸš€,LinkedIn,2023-06-15 21:30:00,58,1160,9,21,3,44,0.2556818181818182,True,False
Throwback to our team retreat last year ğŸŒ´,LinkedIn,2023-08-09 18:45:00,21,210,1,18,2,41,0.0,True,False
Hereâ€™s a quick tip for growing on LinkedIn ğŸ“ˆ,Twitter,2024-12-23 09:30:00,37,962,5,9,0,44,0.3333333333333333,False,True
Join us for a live webinar on AI and the future ğŸ§ ,LinkedIn,2025-03-26 10:45:00,30,390,5,10,2,49,0.06818181818181818,True,False
Join us for a live webinar on AI and the future ğŸ§ ,LinkedIn,2023-06-26 15:15:00,50,700,8,15,0,49,0.06818181818181818,True,False
How to stay productive while working remotely ğŸ’»,LinkedIn,2023-05-04 17:30:00,14,350,1,17,3,47,-0.1,True,False
Throwback to our team retreat last year ğŸŒ´,LinkedIn,2023-12-07 20:15:00,49,1225,8,20,3,41,0.0,True,False
"We just hit 10,000 followers, thank you all ğŸ™Œ",Twitter,2025-03-05 07:00:00,19,513,1,7,2,45,0.0,False,True
Join us for a live webinar on AI and the future ğŸ§ ,Twitter,2025-01-12 18:15:00,31,713,4,18,6,49,0.06818181818181818,False,True
Throwback to our team retreat last year ğŸŒ´,Twitter,2024-05-09 19:30:00,28,644,4,19,3,41,0.0,False,True
Hereâ€™s a quick tip for growing on LinkedIn ğŸ“ˆ,Twitter,2025-05-26 10:30:00,43,516,3,10,0,44,0.3333333333333333,False,True
Hereâ€™s a quick tip for growing on LinkedIn ğŸ“ˆ,LinkedIn,2025-11-24 19:45:00,63,1071,8,19,0,44,0.3333333333333333,True,False
Our new office space is ready! Take a look ğŸ¢,LinkedIn,2023-12-03 06:30:00,51,969,6,6,6,44,0.19318181818181818,True,False
Throwback to our team retreat last year ğŸŒ´,Twitter,2023-12-01 21:15:00,25,475,3,21,4,41,0.0,False,True
Our new office space is ready! Take a look ğŸ¢,LinkedIn,2024-09-01 06:45:00,55,990,8,6,6,44,0.19318181818181818,True,False
Hereâ€™s a quick tip for growing on LinkedIn ğŸ“ˆ,Twitter,2025-04-03 16:30:00,36,972,3,16,3,44,0.3333333333333333,False,True
Join us for a live webinar on AI and the future ğŸ§ ,Twitter,2025-02-19 06:30:00,15,255,1,6,2,49,0.06818181818181818,False,True
5 tools every startup should be using today ğŸ”§,LinkedIn,2025-06-22 07:45:00,26,338,4,7,6,45,0.0,True,False
Throwback to our team retreat last year ğŸŒ´,LinkedIn,2024-02-23 14:45:00,24,408,2,14,4,41,0.0,True,False
Join us for a live webinar on AI and the future ğŸ§ ,Twitter,2025-08-01 18:00:00,18,198,1,18,4,49,0.06818181818181818,False,True
How to stay productive while working remotely ğŸ’»,Twitter,2025-07-13 15:45:00,8,104,1,15,6,47,-0.1,False,True
Excited to announce our new product launch ğŸš€,Twitter,2024-11-14 14:15:00,59,885,6,14,3,44,0.2556818181818182,False,True
Why storytelling matters in product design ğŸ“š,LinkedIn,2024-02-10 18:00:00,11,132,1,18,5,44,0.0,True,False
Our new office space is ready! Take a look ğŸ¢,LinkedIn,2023-11-11 06:30:00,23,437,1,6,5,44,0.19318181818181818,True,False
Excited to announce our new product launch ğŸš€,LinkedIn,2024-04-28 11:00:00,68,1904,12,11,6,44,0.2556818181818182,True,False
Reflecting on our startup journey so far âœ¨,LinkedIn,2023-01-06 11:00:00,16,320,1,11,4,42,0.1,True,False
5 tools every startup should be using today ğŸ”§,Twitter,2024-04-27 06:15:00,15,195,1,6,5,45,0.0,False,True
Throwback to our team retreat last year ğŸŒ´,Twitter,2025-10-11 09:45:00,49,735,3,9,5,41,0.0,False,True
5 tools every startup should be using today ğŸ”§,LinkedIn,2024-08-11 13:30:00,6,174,0,13,6,45,0.0,True,False
Our new office space is ready! Take a look ğŸ¢,Twitter,2023-05-17 06:15:00,66,1980,4,6,2,44,0.19318181818181818,False,True
5 tools every startup should be using today ğŸ”§,Twitter,2024-02-09 12:30:00,46,506,5,12,4,45,0.0,False,True
Join us for a live webinar on AI and the future ğŸ§ ,LinkedIn,2023-07-11 21:00:00,50,1450,9,21,1,49,0.06818181818181818,True,False
"We just hit 10,000 followers, thank you all ğŸ™Œ",Twitter,2024-10-27 12:30:00,5,150,0,12,6,45,0.0,False,True
Join us for a live webinar on AI and the future ğŸ§ ,LinkedIn,2025-01-13 12:30:00,46,1380,4,12,0,49,0.06818181818181818,True,False
Excited to announce our new product launch ğŸš€,LinkedIn,2024-07-09 10:45:00,52,520,3,10,1,44,0.2556818181818182,True,False
Throwback to our team retreat last year ğŸŒ´,LinkedIn,2023-09-21 12:00:00,2,40,0,12,3,41,0.0,True,False
Why storytelling matters in product design ğŸ“š,LinkedIn,2023-10-22 19:15:00,40,560,2,19,6,44,0.0,True,False
Throwback to our team retreat last year ğŸŒ´,LinkedIn,2023-12-20 19:00:00,2,26,0,19,2,41,0.0,True,False
Our new office space is ready! Take a look ğŸ¢,LinkedIn,2024-09-08 20:30:00,41,656,8,20,6,44,0.19318181818181818,True,False
"We just hit 10,000 followers, thank you all ğŸ™Œ",Twitter,2025-05-18 17:15:00,32,928,2,17,6,45,0.0,False,True
Hereâ€™s a quick tip for growing on LinkedIn ğŸ“ˆ,LinkedIn,2023-02-10 06:15:00,66,1650,10,6,4,44,0.3333333333333333,True,False
Hereâ€™s a quick tip for growing on LinkedIn ğŸ“ˆ,LinkedIn,2023-12-09 07:30:00,66,1452,11,7,5,44,0.3333333333333333,True,False
Why storytelling matters in product design ğŸ“š,LinkedIn,2025-01-07 15:00:00,46,1150,5,15,1,44,0.0,True,False
Reflecting on our startup journey so far âœ¨,LinkedIn,2024-01-07 06:30:00,29,667,2,6,6,42,0.1,True,False
Excited to announce our new product launch ğŸš€,LinkedIn,2025-04-08 07:45:00,63,882,10,7,1,44,0.2556818181818182,True,False
How to stay productive while working remotely ğŸ’»,Twitter,2024-06-06 15:45:00,0,0,0,15,3,47,-0.1,False,True
"We just hit 10,000 followers, thank you all ğŸ™Œ",Twitter,2023-11-27 17:00:00,25,700,1,17,0,45,0.0,False,True
Throwback to our team retreat last year ğŸŒ´,LinkedIn,2023-07-06 09:15:00,0,0,0,9,3,41,0.0,True,False
Reflecting on our startup journey so far âœ¨,LinkedIn,2025-06-07 13:15:00,49,1323,3,13,5,42,0.1,True,False
Our new office space is ready! Take a look ğŸ¢,Twitter,2023-04-23 21:00:00,65,1495,11,21,6,44,0.19318181818181818,False,True
Reflecting on our startup journey so far âœ¨,Twitter,2025-01-11 14:45:00,55,1540,6,14,5,42,0.1,False,True
5 tools every startup should be using today ğŸ”§,LinkedIn,2025-12-08 13:30:00,16,416,1,13,0,45,0.0,True,False
Throwback to our team retreat last year ğŸŒ´,Twitter,2025-08-11 20:15:00,20,220,3,20,0,41,0.0,False,True
Throwback to our team retreat last year ğŸŒ´,Twitter,2024-06-04 19:30:00,43,860,6,19,1,41,0.0,False,True
Throwback to our team retreat last year ğŸŒ´,Twitter,2025-11-11 18:00:00,11,264,1,18,1,41,0.0,False,True
Join us for a live webinar on AI and the future ğŸ§ ,LinkedIn,2025-08-22 18:15:00,21,357,2,18,4,49,0.06818181818181818,True,False
Excited to announce our new product launch ğŸš€,LinkedIn,2023-08-03 12:15:00,40,1120,4,12,3,44,0.2556818181818182,True,False
How to stay productive while working remotely ğŸ’»,Twitter,2025-03-12 18:30:00,25,425,4,18,2,47,-0.1,False,True
Reflecting on our startup journey so far âœ¨,LinkedIn,2025-06-06 09:45:00,30,660,2,9,4,42,0.1,True,False
5 tools every startup should be using today ğŸ”§,Twitter,2024-05-06 14:30:00,13,130,0,14,0,45,0.0,False,True
Excited to announce our new product launch ğŸš€,LinkedIn,2024-04-04 11:45:00,70,1680,4,11,3,44,0.2556818181818182,True,False
Hereâ€™s a quick tip for growing on LinkedIn ğŸ“ˆ,Twitter,2025-08-02 14:15:00,50,1050,5,14,5,44,0.3333333333333333,False,True
Excited to announce our new product launch ğŸš€,LinkedIn,2024-05-28 19:45:00,36,900,5,19,1,44,0.2556818181818182,True,False
Why storytelling matters in product design ğŸ“š,LinkedIn,2023-06-26 18:30:00,40,960,6,18,0,44,0.0,True,False
Reflecting on our startup journey so far âœ¨,LinkedIn,2025-07-06 22:45:00,14,294,2,22,6,42,0.1,True,False
Why storytelling matters in product design ğŸ“š,Twitter,2025-04-16 09:30:00,43,1290,2,9,2,44,0.0,False,True
Reflecting on our startup journey so far âœ¨,LinkedIn,2023-02-24 17:30:00,47,846,5,17,4,42,0.1,True,False
5 tools every startup should be using today ğŸ”§,Twitter,2023-10-16 15:45:00,25,550,4,15,0,45,0.0,False,True
Reflecting on our startup journey so far âœ¨,Twitter,2023-02-27 17:15:00,10,210,0,17,0,42,0.1,False,True
Reflecting on our startup journey so far âœ¨,Twitter,2025-09-03 22:15:00,44,1276,2,22,2,42,0.1,False,True
Our new office space is ready! Take a look ğŸ¢,LinkedIn,2025-07-21 08:00:00,24,720,1,8,0,44,0.19318181818181818,True,False
Reflecting on our startup journey so far âœ¨,LinkedIn,2023-08-06 14:30:00,48,1104,3,14,6,42,0.1,True,False
Why storytelling matters in product design ğŸ“š,Twitter,2024-12-26 16:00:00,24,696,2,16,3,44,0.0,False,True
Our new office space is ready! Take a look ğŸ¢,Twitter,2025-01-06 18:15:00,64,960,7,18,0,44,0.19318181818181818,False,True
How to stay productive while working remotely ğŸ’»,Twitter,2025-07-01 09:45:00,6,120,1,9,1,47,-0.1,False,True
Join us for a live webinar on AI and the future ğŸ§ ,Twitter,2024-10-11 13:30:00,28,700,3,13,4,49,0.06818181818181818,False,True
Our new office space is ready! Take a look ğŸ¢,LinkedIn,2025-06-07 07:30:00,36,576,4,7,5,44,0.19318181818181818,True,False
5 tools every startup should be using today ğŸ”§,Twitter,2024-08-05 12:30:00,3,66,0,12,0,45,0.0,False,True
Our new office space is ready! Take a look ğŸ¢,Twitter,2024-02-15 16:30:00,52,1196,4,16,3,44,0.19318181818181818,False,True
Our new office space is ready! Take a look ğŸ¢,Twitter,2024-11-15 21:15:00,41,492,2,21,4,44,0.19318181818181818,False,True
Throwback to our team retreat last year ğŸŒ´,LinkedIn,2023-07-03 22:30:00,21,231,2,22,0,41,0.0,True,False
5 tools every startup should be using today ğŸ”§,Twitter,2024-04-16 16:45:00,40,640,2,16,1,45,0.0,False,True
Throwback to our team retreat last year ğŸŒ´,LinkedIn,2024-06-09 21:00:00,23,253,3,21,6,41,0.0,True,False
Reflecting on our startup journey so far âœ¨,LinkedIn,2024-02-18 09:00:00,47,1128,8,9,6,42,0.1,True,False
Reflecting on our startup journey so far âœ¨,LinkedIn,2023-12-28 18:30:00,56,1624,10,18,3,42,0.1,True,False
How to stay productive while working remotely ğŸ’»,LinkedIn,2023-06-07 11:00:00,14,420,1,11,2,47,-0.1,True,False
How to stay productive while working remotely ğŸ’»,Twitter,2023-03-11 09:00:00,2,24,0,9,5,47,-0.1,False,True
Throwback to our team retreat last year ğŸŒ´,Twitter,2024-07-11 17:15:00,3,72,0,17,3,41,0.0,False,True
How to stay productive while working remotely ğŸ’»,LinkedIn,2025-07-02 18:00:00,39,624,5,18,2,47,-0.1,True,False
How to stay productive while working remotely ğŸ’»,LinkedIn,2024-05-21 08:30:00,30,360,2,8,1,47,-0.1,True,False
Reflecting on our startup journey so far âœ¨,LinkedIn,2025-03-25 20:00:00,25,650,3,20,1,42,0.1,True,False
Reflecting on our startup journey so far âœ¨,LinkedIn,2023-09-21 21:45:00,26,780,4,21,3,42,0.1,True,False
Hereâ€™s a quick tip for growing on LinkedIn ğŸ“ˆ,Twitter,2023-01-23 14:45:00,51,1428,9,14,0,44,0.3333333333333333,False,True
Join us for a live webinar on AI and the future ğŸ§ ,LinkedIn,2024-03-18 21:00:00,52,936,3,21,0,49,0.06818181818181818,True,False
Excited to announce our new product launch ğŸš€,LinkedIn,2025-02-09 15:45:00,62,1240,3,15,6,44,0.2556818181818182,True,False
Reflecting on our startup journey so far âœ¨,LinkedIn,2025-02-11 19:45:00,60,720,11,19,1,42,0.1,True,False
Hereâ€™s a quick tip for growing on LinkedIn ğŸ“ˆ,LinkedIn,2025-09-17 10:00:00,77,2310,6,10,2,44,0.3333333333333333,True,False
Our new office space is ready! Take a look ğŸ¢,Twitter,2024-11-08 12:30:00,22,638,4,12,4,44,0.19318181818181818,False,True
Excited to announce our new product launch ğŸš€,LinkedIn,2024-01-07 10:45:00,52,1248,6,10,6,44,0.2556818181818182,True,False
Join us for a live webinar on AI and the future ğŸ§ ,LinkedIn,2023-06-14 07:30:00,44,1276,2,7,2,49,0.06818181818181818,True,False
Reflecting on our startup journey so far âœ¨,LinkedIn,2024-02-14 17:15:00,46,1196,4,17,2,42,0.1,True,False
Reflecting on our startup journey so far âœ¨,Twitter,2025-01-12 06:00:00,11,319,1,6,6,42,0.1,False,True
Join us for a live webinar on AI and the future ğŸ§ ,Twitter,2024-01-25 19:00:00,17,272,3,19,3,49,0.06818181818181818,False,True
How to stay productive while working remotely ğŸ’»,LinkedIn,2023-05-18 08:45:00,35,840,6,8,3,47,-0.1,True,False
5 tools every startup should be using today ğŸ”§,Twitter,2025-10-17 13:15:00,40,720,4,13,4,45,0.0,False,True
Throwback to our team retreat last year ğŸŒ´,LinkedIn,2023-12-04 14:30:00,47,940,5,14,0,41,0.0,True,False
"We just hit 10,000 followers, thank you all ğŸ™Œ",LinkedIn,2024-02-07 22:30:00,43,645,6,22,2,45,0.0,True,False
Throwback to our team retreat last year ğŸŒ´,LinkedIn,2023-03-19 11:45:00,34,442,5,11,6,41,0.0,True,False
Excited to announce our new product launch ğŸš€,LinkedIn,2024-05-28 22:45:00,46,1380,4,22,1,44,0.2556818181818182,True,False
5 tools every startup should be using today ğŸ”§,Twitter,2023-06-18 18:30:00,22,616,2,18,6,45,0.0,False,True
Reflecting on our startup journey so far âœ¨,LinkedIn,2024-04-09 14:30:00,52,988,6,14,1,42,0.1,True,False
Throwback to our team retreat last year ğŸŒ´,LinkedIn,2024-02-14 10:15:00,46,1196,3,10,2,41,0.0,True,False
Why storytelling matters in product design ğŸ“š,LinkedIn,2024-11-11 13:45:00,16,464,3,13,0,44,0.0,True,False
5 tools every startup should be using today ğŸ”§,Twitter,2023-04-09 19:00:00,44,1144,6,19,6,45,0.0,False,True
Our new office space is ready! Take a look ğŸ¢,LinkedIn,2023-11-27 13:45:00,28,840,2,13,0,44,0.19318181818181818,True,False
Throwback to our team retreat last year ğŸŒ´,Twitter,2024-04-10 19:30:00,42,714,3,19,2,41,0.0,False,True
Excited to announce our new product launch ğŸš€,Twitter,2025-09-05 08:30:00,29,551,4,8,4,44,0.2556818181818182,False,True
"We just hit 10,000 followers, thank you all ğŸ™Œ",LinkedIn,2025-04-15 08:45:00,44,1232,8,8,1,45,0.0,True,False
"We just hit 10,000 followers, thank you all ğŸ™Œ",Twitter,2024-07-06 12:15:00,14,182,1,12,5,45,0.0,False,True
Reflecting on our startup journey so far âœ¨,Twitter,2024-10-18 09:15:00,57,684,2,9,4,42,0.1,False,True
Why storytelling matters in product design ğŸ“š,Twitter,2023-12-26 10:15:00,21,378,2,10,1,44,0.0,False,True
How to stay productive while working remotely ğŸ’»,LinkedIn,2024-03-28 15:30:00,28,644,4,15,3,47,-0.1,True,False
5 tools every startup should be using today ğŸ”§,Twitter,2024-02-21 20:30:00,15,375,1,20,2,45,0.0,False,True
5 tools every startup should be using today ğŸ”§,LinkedIn,2025-05-09 11:00:00,17,238,2,11,4,45,0.0,True,False
How to stay productive while working remotely ğŸ’»,LinkedIn,2025-02-02 16:15:00,11,308,1,16,6,47,-0.1,True,False
Reflecting on our startup journey so far âœ¨,LinkedIn,2025-01-27 15:00:00,60,1440,5,15,0,42,0.1,True,False
How to stay productive while working remotely ğŸ’»,LinkedIn,2023-04-01 06:30:00,3,48,0,6,5,47,-0.1,True,False
Hereâ€™s a quick tip for growing on LinkedIn ğŸ“ˆ,Twitter,2025-12-07 09:30:00,54,1296,3,9,6,44,0.3333333333333333,False,True
5 tools every startup should be using today ğŸ”§,LinkedIn,2023-09-11 12:30:00,21,420,2,12,0,45,0.0,True,False
"We just hit 10,000 followers, thank you all ğŸ™Œ",LinkedIn,2024-07-03 18:00:00,4,68,0,18,2,45,0.0,True,False
Excited to announce our new product launch ğŸš€,LinkedIn,2024-03-07 06:15:00,37,1110,1,6,3,44,0.2556818181818182,True,False
Join us for a live webinar on AI and the future ğŸ§ ,LinkedIn,2023-08-24 20:15:00,43,430,4,20,3,49,0.06818181818181818,True,False
How to stay productive while working remotely ğŸ’»,Twitter,2025-09-11 16:30:00,34,748,4,16,3,47,-0.1,False,True
Reflecting on our startup journey so far âœ¨,LinkedIn,2023-12-22 09:00:00,39,507,4,9,4,42,0.1,True,False
Our new office space is ready! Take a look ğŸ¢,Twitter,2025-01-26 15:45:00,32,480,4,15,6,44,0.19318181818181818,False,True
Excited to announce our new product launch ğŸš€,Twitter,2024-03-08 08:15:00,52,1560,10,8,4,44,0.2556818181818182,False,True
Reflecting on our startup journey so far âœ¨,LinkedIn,2025-04-22 13:30:00,17,425,1,13,1,42,0.1,True,False
Throwback to our team retreat last year ğŸŒ´,Twitter,2024-01-18 09:45:00,19,551,2,9,3,41,0.0,False,True
Throwback to our team retreat last year ğŸŒ´,LinkedIn,2023-09-14 17:15:00,42,504,4,17,3,41,0.0,True,False
5 tools every startup should be using today ğŸ”§,LinkedIn,2024-07-25 15:00:00,10,260,0,15,3,45,0.0,True,False
Hereâ€™s a quick tip for growing on LinkedIn ğŸ“ˆ,LinkedIn,2025-05-06 10:15:00,50,1150,6,10,1,44,0.3333333333333333,True,False
Throwback to our team retreat last year ğŸŒ´,LinkedIn,2024-12-14 08:30:00,36,540,4,8,5,41,0.0,True,False
Hereâ€™s a quick tip for growing on LinkedIn ğŸ“ˆ,LinkedIn,2024-07-17 18:15:00,68,2040,12,18,2,44,0.3333333333333333,True,False
Throwback to our team retreat last year ğŸŒ´,LinkedIn,2023-01-26 21:00:00,39,624,7,21,3,41,0.0,True,False
Join us for a live webinar on AI and the future ğŸ§ ,Twitter,2024-10-18 09:30:00,42,840,7,9,4,49,0.06818181818181818,False,True
Our new office space is ready! Take a look ğŸ¢,Twitter,2024-11-26 08:30:00,60,720,9,8,1,44,0.19318181818181818,False,True
Excited to announce our new product launch ğŸš€,Twitter,2023-04-26 12:30:00,26,780,3,12,2,44,0.2556818181818182,False,True
Throwback to our team retreat last year ğŸŒ´,Twitter,2023-04-09 16:45:00,33,759,6,16,6,41,0.0,False,True
Join us for a live webinar on AI and the future ğŸ§ ,LinkedIn,2024-01-09 07:00:00,31,744,1,7,1,49,0.06818181818181818,True,False
Hereâ€™s a quick tip for growing on LinkedIn ğŸ“ˆ,LinkedIn,2024-04-15 17:45:00,59,1711,8,17,0,44,0.3333333333333333,True,False
Excited to announce our new product launch ğŸš€,LinkedIn,2025-01-05 17:00:00,40,1080,3,17,6,44,0.2556818181818182,True,False
"We just hit 10,000 followers, thank you all ğŸ™Œ",Twitter,2025-08-04 10:00:00,26,754,1,10,0,45,0.0,False,True
Excited to announce our new product launch ğŸš€,LinkedIn,2024-06-06 10:30:00,57,912,10,10,3,44,0.2556818181818182,True,False
Join us for a live webinar on AI and the future ğŸ§ ,LinkedIn,2024-04-05 12:30:00,37,481,2,12,4,49,0.06818181818181818,True,False
Join us for a live webinar on AI and the future ğŸ§ ,Twitter,2024-08-17 19:45:00,32,960,4,19,5,49,0.06818181818181818,False,True
5 tools every startup should be using today ğŸ”§,LinkedIn,2024-06-22 06:00:00,6,156,0,6,5,45,0.0,True,False
5 tools every startup should be using today ğŸ”§,LinkedIn,2023-04-18 15:00:00,12,288,1,15,1,45,0.0,True,False
5 tools every startup should be using today ğŸ”§,LinkedIn,2023-07-03 07:15:00,19,323,2,7,0,45,0.0,True,False
How to stay productive while working remotely ğŸ’»,LinkedIn,2025-10-14 12:15:00,39,702,3,12,1,47,-0.1,True,False
5 tools every startup should be using today ğŸ”§,LinkedIn,2024-05-11 16:00:00,20,560,1,16,5,45,0.0,True,False
Our new office space is ready! Take a look ğŸ¢,LinkedIn,2024-12-03 06:00:00,32,704,2,6,1,44,0.19318181818181818,True,False
5 tools every startup should be using today ğŸ”§,LinkedIn,2025-02-12 08:30:00,12,192,1,8,2,45,0.0,True,False
Hereâ€™s a quick tip for growing on LinkedIn ğŸ“ˆ,LinkedIn,2023-10-03 07:15:00,68,1564,7,7,1,44,0.3333333333333333,True,False
Why storytelling matters in product design ğŸ“š,Twitter,2024-07-21 17:00:00,9,126,0,17,6,44,0.0,False,True
Reflecting on our startup journey so far âœ¨,Twitter,2025-06-05 11:15:00,23,575,1,11,3,42,0.1,False,True
5 tools every startup should be using today ğŸ”§,Twitter,2024-11-11 09:15:00,37,777,5,9,0,45,0.0,False,True
5 tools every startup should be using today ğŸ”§,LinkedIn,2023-12-27 10:45:00,25,625,3,10,2,45,0.0,True,False
5 tools every startup should be using today ğŸ”§,Twitter,2025-03-21 09:30:00,6,108,1,9,4,45,0.0,False,True
Excited to announce our new product launch ğŸš€,LinkedIn,2023-09-15 09:15:00,28,364,1,9,4,44,0.2556818181818182,True,False
How to stay productive while working remotely ğŸ’»,Twitter,2023-03-16 13:15:00,41,1189,4,13,3,47,-0.1,False,True
Reflecting on our startup journey so far âœ¨,LinkedIn,2023-03-22 22:45:00,24,336,3,22,2,42,0.1,True,False
"We just hit 10,000 followers, thank you all ğŸ™Œ",LinkedIn,2023-11-06 19:45:00,50,750,4,19,0,45,0.0,True,False
"We just hit 10,000 followers, thank you all ğŸ™Œ",LinkedIn,2023-12-17 22:00:00,50,550,7,22,6,45,0.0,True,False
Our new office space is ready! Take a look ğŸ¢,LinkedIn,2025-01-06 15:15:00,41,902,7,15,0,44,0.19318181818181818,True,False
Join us for a live webinar on AI and the future ğŸ§ ,Twitter,2023-01-01 06:15:00,45,855,7,6,6,49,0.06818181818181818,False,True
