text,platform,timestamp,likes,impressions,comments
Why storytelling matters in product design ğŸ“š,Twitter,2023-10-02 22:15:00,35,735,3
Why storytelling matters in product design ğŸ“š,LinkedIn,2025-12-22 18:00:00,42,756,8
How to stay productive while working remotely ğŸ’»,LinkedIn,2025-05-22 14:45:00,10,110,0
Why storytelling matters in product design ğŸ“š,LinkedIn,2025-10-26 22:00:00,17,391,0
Excited to announce our new product launch ğŸš€,LinkedIn,2025-02-24 15:00:00,39,507,2
Our new office space is ready! Take a look ğŸ¢,LinkedIn,2024-07-16 22:00:00,69,1449,8
Reflecting on our startup journey so far âœ¨,Twitter,2024-02-19 19:30:00,37,777,5
Throwback to our team retreat last year ğŸŒ´,Twitter,2023-10-02 14:30:00,19,418,1
"We just hit 10,000 followers, thank you all ğŸ™Œ",LinkedIn,2023-01-28 15:00:00,2,30,0
Our new office space is ready! Take a look ğŸ¢,LinkedIn,2023-02-27 21:00:00,43,516,4
Hereâ€™s a quick tip for growing on LinkedIn ğŸ“ˆ,LinkedIn,2025-11-07 15:30:00,46,782,6
Excited to announce our new product launch ğŸš€,Twitter,2023-01-13 11:45:00,39,429,4
How to stay productive while working remotely ğŸ’»,LinkedIn,2024-04-27 20:45:00,16,288,0
5 tools every startup should be using today ğŸ”§,Twitter,2024-06-24 21:30:00,47,564,4
Hereâ€™s a quick tip for growing on LinkedIn ğŸ“ˆ,LinkedIn,2023-04-25 17:30:00,47,1175,7
Excited to announce our new product launch ğŸš€,LinkedIn,2024-08-18 09:00:00,44,572,6
Our new office space is ready! Take a look ğŸ¢,LinkedIn,2023-10-09 06:00:00,24,480,4
Excited to announce our new product launch ğŸš€,LinkedIn,2024-12-23 09:15:00,50,700,4
Throwback to our team retreat last year ğŸŒ´,LinkedIn,2024-01-01 22:45:00,30,570,5
Our new office space is ready! Take a look ğŸ¢,LinkedIn,2025-06-20 06:15:00,40,1120,5
Hereâ€™s a quick tip for growing on LinkedIn ğŸ“ˆ,Twitter,2025-07-04 06:30:00,53,954,7
Excited to announce our new product launch ğŸš€,Twitter,2025-11-19 08:15:00,45,675,2
"We just hit 10,000 followers, thank you all ğŸ™Œ",Twitter,2025-01-26 12:15:00,25,525,1
Our new office space is ready! Take a look ğŸ¢,LinkedIn,2025-04-15 19:30:00,29,348,3
Excited to announce our new product launch ğŸš€,Twitter,2024-06-04 22:00:00,44,924,2
5 tools every startup should be using today ğŸ”§,LinkedIn,2023-04-05 17:00:00,42,1008,8
Join us for a live webinar on AI and the future ğŸ§ ,LinkedIn,2025-12-25 16:15:00,23,621,1
5 tools every startup should be using today ğŸ”§,Twitter,2025-11-01 16:30:00,30,900,4
How to stay productive while working remotely ğŸ’»,Twitter,2023-05-28 12:30:00,0,0,0
How to stay productive while working remotely ğŸ’»,Twitter,2024-10-22 19:15:00,10,150,1
How to stay productive while working remotely ğŸ’»,Twitter,2025-09-23 17:45:00,36,396,3
Excited to announce our new product launch ğŸš€,Twitter,2025-12-24 06:30:00,29,319,3
Reflecting on our startup journey so far âœ¨,Twitter,2023-08-13 13:00:00,13,312,1
"We just hit 10,000 followers, thank you all ğŸ™Œ",LinkedIn,2025-11-05 22:45:00,13,143,1
How to stay productive while working remotely ğŸ’»,LinkedIn,2025-06-23 17:00:00,38,760,6
How to stay productive while working remotely ğŸ’»,Twitter,2025-07-08 14:45:00,2,58,0
Hereâ€™s a quick tip for growing on LinkedIn ğŸ“ˆ,LinkedIn,2023-05-13 16:00:00,82,1148,6
How to stay productive while working remotely ğŸ’»,Twitter,2024-06-11 16:00:00,32,768,2
"We just hit 10,000 followers, thank you all ğŸ™Œ",LinkedIn,2023-04-15 18:00:00,7,182,0
Why storytelling matters in product design ğŸ“š,LinkedIn,2024-12-19 12:00:00,46,736,8
Reflecting on our startup journey so far âœ¨,Twitter,2024-12-07 19:30:00,28,616,1
Throwback to our team retreat last year ğŸŒ´,LinkedIn,2025-08-10 07:15:00,32,448,1
"We just hit 10,000 followers, thank you all ğŸ™Œ",LinkedIn,2023-04-08 19:30:00,36,612,6
Why storytelling matters in product design ğŸ“š,Twitter,2025-09-09 21:45:00,27,648,5
Throwback to our team retreat last year ğŸŒ´,LinkedIn,2025-05-22 15:00:00,50,550,5
Hereâ€™s a quick tip for growing on LinkedIn ğŸ“ˆ,LinkedIn,2025-10-03 17:45:00,74,888,4
Hereâ€™s a quick tip for growing on LinkedIn ğŸ“ˆ,Twitter,2024-11-02 14:45:00,74,1332,11
Hereâ€™s a quick tip for growing on LinkedIn ğŸ“ˆ,Twitter,2023-03-21 21:30:00,38,608,5
Join us for a live webinar on AI and the future ğŸ§ ,LinkedIn,2024-07-24 10:15:00,19,551,3
How to stay productive while working remotely ğŸ’»,Twitter,2025-09-12 18:15:00,40,760,3
Our new office space is ready! Take a look ğŸ¢,LinkedIn,2025-03-16 08:15:00,69,828,13
"We just hit 10,000 followers, thank you all ğŸ™Œ",Twitter,2024-12-20 12:45:00,24,696,2
Join us for a live webinar on AI and the future ğŸ§ ,Twitter,2024-04-15 12:45:00,27,702,5
Join us for a live webinar on AI and the future ğŸ§ ,LinkedIn,2023-09-04 19:45:00,50,900,9
Throwback to our team retreat last year ğŸŒ´,LinkedIn,2024-11-09 08:45:00,37,999,2
"We just hit 10,000 followers, thank you all ğŸ™Œ",Twitter,2025-10-26 08:45:00,44,528,5
Join us for a live webinar on AI and the future ğŸ§ ,Twitter,2023-07-05 13:00:00,40,400,6
Why storytelling matters in product design ğŸ“š,Twitter,2025-11-08 18:15:00,24,312,4
Our new office space is ready! Take a look ğŸ¢,LinkedIn,2025-05-28 13:15:00,57,1083,5
How to stay productive while working remotely ğŸ’»,LinkedIn,2025-05-25 13:00:00,37,370,6
5 tools every startup should be using today ğŸ”§,Twitter,2024-05-28 19:00:00,10,230,0
Our new office space is ready! Take a look ğŸ¢,Twitter,2024-03-08 08:00:00,44,1188,6
Join us for a live webinar on AI and the future ğŸ§ ,Twitter,2024-09-04 07:00:00,41,779,5
Hereâ€™s a quick tip for growing on LinkedIn ğŸ“ˆ,LinkedIn,2024-07-07 21:45:00,79,1975,10
Why storytelling matters in product design ğŸ“š,LinkedIn,2024-04-11 19:00:00,50,1450,8
Reflecting on our startup journey so far âœ¨,LinkedIn,2024-09-09 09:45:00,33,693,2
Why storytelling matters in product design ğŸ“š,Twitter,2024-09-03 19:15:00,38,570,2
Reflecting on our startup journey so far âœ¨,LinkedIn,2023-07-01 12:00:00,18,252,1
"We just hit 10,000 followers, thank you all ğŸ™Œ",LinkedIn,2025-02-25 13:45:00,8,224,0
How to stay productive while working remotely ğŸ’»,Twitter,2024-06-21 14:00:00,26,650,1
Our new office space is ready! Take a look ğŸ¢,LinkedIn,2024-06-02 20:45:00,22,220,2
Join us for a live webinar on AI and the future ğŸ§ ,Twitter,2023-04-22 13:45:00,40,960,2
Why storytelling matters in product design ğŸ“š,LinkedIn,2025-10-25 16:00:00,30,660,2
"We just hit 10,000 followers, thank you all ğŸ™Œ",LinkedIn,2025-10-12 21:15:00,35,455,4
Join us for a live webinar on AI and the future ğŸ§ ,LinkedIn,2023-05-15 19:15:00,24,408,2
5 tools every startup should be using today ğŸ”§,Twitter,2023-02-13 08:45:00,4,48,0
Hereâ€™s a quick tip for growing on LinkedIn ğŸ“ˆ,Twitter,2025-04-16 16:45:00,33,363,5
Throwback to our team retreat last year ğŸŒ´,LinkedIn,2024-05-03 06:00:00,23,253,4
5 tools every startup should be using today ğŸ”§,Twitter,2025-09-20 10:15:00,44,1320,8
"We just hit 10,000 followers, thank you all ğŸ™Œ",LinkedIn,2025-03-11 19:00:00,6,162,1
5 tools every startup should be using today ğŸ”§,Twitter,2024-05-17 11:15:00,15,405,1
Reflecting on our startup journey so far âœ¨,Twitter,2024-07-28 09:30:00,38,836,4
Reflecting on our startup journey so far âœ¨,LinkedIn,2024-10-27 10:30:00,48,1440,6
Hereâ€™s a quick tip for growing on LinkedIn ğŸ“ˆ,Twitter,2024-04-15 10:15:00,37,703,3
Reflecting on our startup journey so far âœ¨,LinkedIn,2025-11-16 21:45:00,37,1073,2
Reflecting on our startup journey so far âœ¨,LinkedIn,2024-05-02 11:45:00,36,972,2
Reflecting on our startup journey so far âœ¨,Twitter,2024-02-17 18:45:00,44,1320,7
Reflecting on our startup journey so far âœ¨,LinkedIn,2023-10-27 21:30:00,51,816,7
How to stay productive while working remotely ğŸ’»,Twitter,2023-04-11 07:00:00,35,490,1
Reflecting on our startup journey so far âœ¨,Twitter,2024-08-14 21:30:00,10,240,0
Reflecting on our startup journey so far âœ¨,LinkedIn,2023-11-02 06:45:00,43,731,5
Reflecting on our startup journey so far âœ¨,Twitter,2025-04-08 11:30:00,51,714,6
"We just hit 10,000 followers, thank you all ğŸ™Œ",LinkedIn,2024-05-11 16:00:00,7,84,0
Why storytelling matters in product design ğŸ“š,LinkedIn,2025-06-20 20:30:00,31,372,2
Our new office space is ready! Take a look ğŸ¢,Twitter,2023-03-09 14:30:00,43,430,5
Our new office space is ready! Take a look ğŸ¢,LinkedIn,2024-03-03 14:45:00,21,588,2
5 tools every startup should be using today ğŸ”§,Twitter,2024-02-03 10:15:00,18,252,2
How to stay productive while working remotely ğŸ’»,Twitter,2024-09-13 20:30:00,40,1200,7
Join us for a live webinar on AI and the future ğŸ§ ,Twitter,2023-06-18 07:00:00,21,252,1
Hereâ€™s a quick tip for growing on LinkedIn ğŸ“ˆ,LinkedIn,2023-09-08 15:00:00,75,1350,7
Excited to announce our new product launch ğŸš€,LinkedIn,2025-08-13 13:15:00,70,1680,5
5 tools every startup should be using today ğŸ”§,Twitter,2024-06-15 21:45:00,48,1248,7
Reflecting on our startup journey so far âœ¨,LinkedIn,2024-11-22 21:15:00,11,176,1
Our new office space is ready! Take a look ğŸ¢,Twitter,2025-09-20 19:45:00,48,1152,6
Join us for a live webinar on AI and the future ğŸ§ ,Twitter,2023-03-12 19:00:00,22,308,4
Join us for a live webinar on AI and the future ğŸ§ ,Twitter,2023-08-11 13:45:00,39,390,5
Throwback to our team retreat last year ğŸŒ´,Twitter,2023-07-11 13:15:00,5,50,0
5 tools every startup should be using today ğŸ”§,Twitter,2024-04-20 08:45:00,12,180,1
Hereâ€™s a quick tip for growing on LinkedIn ğŸ“ˆ,LinkedIn,2023-04-23 18:00:00,74,888,5
"We just hit 10,000 followers, thank you all ğŸ™Œ",LinkedIn,2023-09-12 11:00:00,22,242,1
Excited to announce our new product launch ğŸš€,LinkedIn,2024-02-11 08:30:00,50,1500,3
5 tools every startup should be using today ğŸ”§,Twitter,2023-08-16 11:15:00,50,1000,6
5 tools every startup should be using today ğŸ”§,Twitter,2023-10-07 14:30:00,19,475,3
Join us for a live webinar on AI and the future ğŸ§ ,LinkedIn,2024-01-09 18:15:00,39,468,3
Join us for a live webinar on AI and the future ğŸ§ ,LinkedIn,2024-09-13 12:30:00,49,833,6
Why storytelling matters in product design ğŸ“š,Twitter,2025-01-26 21:30:00,8,112,1
"We just hit 10,000 followers, thank you all ğŸ™Œ",Twitter,2023-02-15 14:45:00,5,55,0
Our new office space is ready! Take a look ğŸ¢,LinkedIn,2025-12-07 22:15:00,71,1491,7
Excited to announce our new product launch ğŸš€,LinkedIn,2024-07-04 20:30:00,71,2130,7
Our new office space is ready! Take a look ğŸ¢,LinkedIn,2025-05-26 22:00:00,37,999,4
Excited to announce our new product launch ğŸš€,LinkedIn,2024-04-13 09:30:00,69,1863,13
Hereâ€™s a quick tip for growing on LinkedIn ğŸ“ˆ,LinkedIn,2023-08-23 13:15:00,77,770,12
Why storytelling matters in product design ğŸ“š,LinkedIn,2024-05-28 06:30:00,35,560,6
5 tools every startup should be using today ğŸ”§,LinkedIn,2024-09-21 09:00:00,25,475,2
Excited to announce our new product launch ğŸš€,Twitter,2025-07-13 11:45:00,52,624,9
Why storytelling matters in product design ğŸ“š,Twitter,2023-01-10 19:30:00,5,100,0
Throwback to our team retreat last year ğŸŒ´,Twitter,2025-06-18 11:15:00,30,870,5
Reflecting on our startup journey so far âœ¨,Twitter,2023-10-25 16:30:00,46,828,6
Our new office space is ready! Take a look ğŸ¢,Twitter,2023-12-20 14:00:00,53,636,4
Our new office space is ready! Take a look ğŸ¢,LinkedIn,2023-02-06 15:30:00,35,1015,5
Join us for a live webinar on AI and the future ğŸ§ ,LinkedIn,2024-09-11 15:15:00,18,450,1
Our new office space is ready! Take a look ğŸ¢,LinkedIn,2024-10-10 10:30:00,49,980,6
Join us for a live webinar on AI and the future ğŸ§ ,Twitter,2024-04-21 14:30:00,17,442,2
Why storytelling matters in product design ğŸ“š,Twitter,2024-06-24 08:45:00,46,598,3
Join us for a live webinar on AI and the future ğŸ§ ,LinkedIn,2024-03-23 15:45:00,27,378,4
"We just hit 10,000 followers, thank you all ğŸ™Œ",LinkedIn,2024-08-04 09:30:00,11,319,1
Hereâ€™s a quick tip for growing on LinkedIn ğŸ“ˆ,LinkedIn,2023-04-12 16:00:00,72,1656,14
5 tools every startup should be using today ğŸ”§,Twitter,2025-08-21 06:00:00,9,261,1
How to stay productive while working remotely ğŸ’»,Twitter,2024-12-20 07:30:00,3,42,0
How to stay productive while working remotely ğŸ’»,Twitter,2024-12-06 16:30:00,2,44,0
"We just hit 10,000 followers, thank you all ğŸ™Œ",Twitter,2023-12-21 20:00:00,33,594,4
Hereâ€™s a quick tip for growing on LinkedIn ğŸ“ˆ,LinkedIn,2023-01-11 11:15:00,41,574,2
Hereâ€™s a quick tip for growing on LinkedIn ğŸ“ˆ,LinkedIn,2023-07-18 13:30:00,75,2250,6
5 tools every startup should be using today ğŸ”§,LinkedIn,2023-11-16 13:30:00,45,810,2
"We just hit 10,000 followers, thank you all ğŸ™Œ",LinkedIn,2024-01-06 15:00:00,9,90,0
Hereâ€™s a quick tip for growing on LinkedIn ğŸ“ˆ,Twitter,2023-09-22 08:45:00,61,854,5
Our new office space is ready! Take a look ğŸ¢,Twitter,2023-08-07 13:30:00,45,900,5
Excited to announce our new product launch ğŸš€,LinkedIn,2023-11-10 18:45:00,38,1102,2
5 tools every startup should be using today ğŸ”§,LinkedIn,2023-08-14 21:00:00,34,748,6
Join us for a live webinar on AI and the future ğŸ§ ,LinkedIn,2024-10-12 20:45:00,45,855,6
Reflecting on our startup journey so far âœ¨,LinkedIn,2023-03-11 14:00:00,26,676,3
5 tools every startup should be using today ğŸ”§,Twitter,2025-10-16 19:00:00,34,884,2
Join us for a live webinar on AI and the future ğŸ§ ,LinkedIn,2023-05-01 21:30:00,32,576,4
Our new office space is ready! Take a look ğŸ¢,LinkedIn,2025-08-10 06:45:00,37,444,5
Join us for a live webinar on AI and the future ğŸ§ ,LinkedIn,2024-04-07 14:00:00,50,850,7
Throwback to our team retreat last year ğŸŒ´,LinkedIn,2024-08-19 12:00:00,36,540,4
Hereâ€™s a quick tip for growing on LinkedIn ğŸ“ˆ,Twitter,2025-02-12 13:45:00,45,1170,7
Our new office space is ready! Take a look ğŸ¢,LinkedIn,2023-10-23 22:00:00,35,595,3
5 tools every startup should be using today ğŸ”§,Twitter,2024-03-05 17:30:00,20,280,1
How to stay productive while working remotely ğŸ’»,LinkedIn,2024-02-03 07:15:00,2,22,0
Excited to announce our new product launch ğŸš€,Twitter,2024-04-12 06:45:00,67,670,6
Join us for a live webinar on AI and the future ğŸ§ ,Twitter,2025-04-03 07:15:00,18,234,1
Reflecting on our startup journey so far âœ¨,Twitter,2024-02-03 17:15:00,31,713,4
Reflecting on our startup journey so far âœ¨,LinkedIn,2024-01-10 15:15:00,28,728,3
Hereâ€™s a quick tip for growing on LinkedIn ğŸ“ˆ,LinkedIn,2023-09-19 20:45:00,70,1190,9
Hereâ€™s a quick tip for growing on LinkedIn ğŸ“ˆ,LinkedIn,2023-05-05 13:30:00,66,924,9
Why storytelling matters in product design ğŸ“š,Twitter,2023-05-25 16:15:00,47,799,4
How to stay productive while working remotely ğŸ’»,LinkedIn,2023-09-28 18:30:00,33,759,4
How to stay productive while working remotely ğŸ’»,LinkedIn,2024-05-22 19:00:00,32,640,4
Our new office space is ready! Take a look ğŸ¢,Twitter,2023-08-18 15:30:00,35,595,4
Our new office space is ready! Take a look ğŸ¢,LinkedIn,2023-12-08 19:45:00,60,1200,4
Excited to announce our new product launch ğŸš€,Twitter,2024-01-09 18:30:00,32,384,1
How to stay productive while working remotely ğŸ’»,LinkedIn,2025-04-11 12:15:00,28,392,2
Excited to announce our new product launch ğŸš€,Twitter,2023-08-05 11:45:00,37,629,3
Throwback to our team retreat last year ğŸŒ´,LinkedIn,2023-04-09 10:15:00,42,714,5
5 tools every startup should be using today ğŸ”§,LinkedIn,2023-11-14 11:30:00,45,1260,4
Our new office space is ready! Take a look ğŸ¢,LinkedIn,2025-11-11 11:00:00,45,1260,8
Excited to announce our new product launch ğŸš€,Twitter,2023-06-20 19:45:00,61,1586,5
Join us for a live webinar on AI and the future ğŸ§ ,Twitter,2025-03-09 21:00:00,16,384,2
Hereâ€™s a quick tip for growing on LinkedIn ğŸ“ˆ,LinkedIn,2023-10-08 09:45:00,82,2132,7
Our new office space is ready! Take a look ğŸ¢,Twitter,2023-07-15 19:15:00,25,250,2
How to stay productive while working remotely ğŸ’»,Twitter,2025-01-20 15:45:00,38,646,2
5 tools every startup should be using today ğŸ”§,Twitter,2023-10-23 12:30:00,38,760,2
Our new office space is ready! Take a look ğŸ¢,LinkedIn,2024-03-28 19:00:00,28,840,2
Our new office space is ready! Take a look ğŸ¢,LinkedIn,2025-01-20 12:30:00,28,420,2
Hereâ€™s a quick tip for growing on LinkedIn ğŸ“ˆ,Twitter,2025-03-04 13:30:00,56,1624,10
How to stay productive while working remotely ğŸ’»,Twitter,2024-02-28 10:30:00,22,594,1
Reflecting on our startup journey so far âœ¨,Twitter,2024-10-01 19:45:00,57,1596,9
5 tools every startup should be using today ğŸ”§,LinkedIn,2025-02-17 12:15:00,21,357,1
Our new office space is ready! Take a look ğŸ¢,Twitter,2025-09-02 19:45:00,44,1232,6
Join us for a live webinar on AI and the future ğŸ§ ,LinkedIn,2023-12-13 09:00:00,38,608,2
5 tools every startup should be using today ğŸ”§,LinkedIn,2025-01-25 15:30:00,39,390,3
Throwback to our team retreat last year ğŸŒ´,LinkedIn,2024-12-12 13:15:00,13,312,0
Join us for a live webinar on AI and the future ğŸ§ ,Twitter,2025-10-10 18:30:00,44,880,6
Why storytelling matters in product design ğŸ“š,Twitter,2025-10-27 20:00:00,30,330,1
Throwback to our team retreat last year ğŸŒ´,Twitter,2023-06-06 12:30:00,44,748,4
Throwback to our team retreat last year ğŸŒ´,Twitter,2023-02-01 16:00:00,40,960,5
Join us for a live webinar on AI and the future ğŸ§ ,LinkedIn,2023-09-13 22:30:00,54,1350,4
Excited to announce our new product launch ğŸš€,Twitter,2025-11-18 06:15:00,65,1690,7
Why storytelling matters in product design ğŸ“š,Twitter,2025-12-20 21:45:00,34,544,4
Excited to announce our new product launch ğŸš€,Twitter,2025-07-04 20:00:00,48,960,9
Reflecting on our startup journey so far âœ¨,Twitter,2024-07-19 13:30:00,45,855,5
Excited to announce our new product launch ğŸš€,LinkedIn,2025-07-20 06:30:00,47,846,5
Our new office space is ready! Take a look ğŸ¢,Twitter,2024-02-16 16:45:00,45,1215,5
Reflecting on our startup journey so far âœ¨,LinkedIn,2024-10-03 22:45:00,37,592,6
Throwback to our team retreat last year ğŸŒ´,LinkedIn,2023-12-12 10:30:00,28,588,2
Why storytelling matters in product design ğŸ“š,Twitter,2025-12-13 14:00:00,37,481,6
Our new office space is ready! Take a look ğŸ¢,Twitter,2025-07-02 18:15:00,60,1620,4
Join us for a live webinar on AI and the future ğŸ§ ,LinkedIn,2023-11-04 18:30:00,24,504,1
Throwback to our team retreat last year ğŸŒ´,LinkedIn,2025-09-13 13:00:00,40,480,7
"We just hit 10,000 followers, thank you all ğŸ™Œ",Twitter,2025-11-10 17:45:00,37,777,5
Join us for a live webinar on AI and the future ğŸ§ ,Twitter,2025-02-02 09:30:00,10,250,1
Hereâ€™s a quick tip for growing on LinkedIn ğŸ“ˆ,Twitter,2025-07-24 16:30:00,70,1400,12
How to stay productive while working remotely ğŸ’»,LinkedIn,2025-05-18 21:30:00,1,16,0
Why storytelling matters in product design ğŸ“š,Twitter,2025-08-04 12:00:00,35,805,1
Throwback to our team retreat last year ğŸŒ´,LinkedIn,2025-04-16 14:00:00,46,1012,8
5 tools every startup should be using today ğŸ”§,LinkedIn,2024-02-09 20:00:00,26,572,2
Excited to announce our new product launch ğŸš€,Twitter,2025-10-27 08:30:00,24,672,2
Our new office space is ready! Take a look ğŸ¢,LinkedIn,2023-12-22 08:15:00,32,864,3
"We just hit 10,000 followers, thank you all ğŸ™Œ",Twitter,2023-06-12 13:00:00,37,1110,6
Hereâ€™s a quick tip for growing on LinkedIn ğŸ“ˆ,Twitter,2025-06-19 22:00:00,52,624,8
5 tools every startup should be using today ğŸ”§,LinkedIn,2025-10-01 07:15:00,45,495,6
5 tools every startup should be using today ğŸ”§,Twitter,2024-04-19 12:15:00,15,300,0
Reflecting on our startup journey so far âœ¨,Twitter,2023-05-18 07:45:00,41,1148,3
Our new office space is ready! Take a look ğŸ¢,LinkedIn,2024-10-28 17:30:00,63,693,4
5 tools every startup should be using today ğŸ”§,LinkedIn,2025-03-03 11:30:00,28,840,4
Join us for a live webinar on AI and the future ğŸ§ ,Twitter,2023-05-04 18:15:00,10,230,1
Hereâ€™s a quick tip for growing on LinkedIn ğŸ“ˆ,Twitter,2025-12-06 06:15:00,66,1122,8
Join us for a live webinar on AI and the future ğŸ§ ,LinkedIn,2023-08-20 22:30:00,15,435,2
Hereâ€™s a quick tip for growing on LinkedIn ğŸ“ˆ,Twitter,2024-07-03 12:15:00,30,300,4
Join us for a live webinar on AI and the future ğŸ§ ,Twitter,2025-02-04 10:15:00,13,377,1
Throwback to our team retreat last year ğŸŒ´,Twitter,2025-02-07 08:15:00,2,38,0
Excited to announce our new product launch ğŸš€,Twitter,2023-07-27 07:45:00,56,1400,7
How to stay productive while working remotely ğŸ’»,Twitter,2024-06-15 07:15:00,0,0,0
"We just hit 10,000 followers, thank you all ğŸ™Œ",LinkedIn,2024-01-27 08:30:00,32,512,3
Hereâ€™s a quick tip for growing on LinkedIn ğŸ“ˆ,LinkedIn,2025-10-03 08:00:00,52,780,2
Hereâ€™s a quick tip for growing on LinkedIn ğŸ“ˆ,LinkedIn,2025-12-08 11:15:00,40,1200,2
Reflecting on our startup journey so far âœ¨,Twitter,2023-06-28 22:00:00,30,630,1
Excited to announce our new product launch ğŸš€,LinkedIn,2024-06-01 11:15:00,55,770,8
Hereâ€™s a quick tip for growing on LinkedIn ğŸ“ˆ,Twitter,2023-01-10 14:00:00,31,930,4
How to stay productive while working remotely ğŸ’»,LinkedIn,2024-03-14 17:30:00,2,54,0
"We just hit 10,000 followers, thank you all ğŸ™Œ",LinkedIn,2024-02-05 11:30:00,3,72,0
How to stay productive while working remotely ğŸ’»,LinkedIn,2024-02-09 22:15:00,0,0,0
5 tools every startup should be using today ğŸ”§,Twitter,2024-10-24 07:15:00,19,475,2
Join us for a live webinar on AI and the future ğŸ§ ,LinkedIn,2024-06-24 15:45:00,27,486,2
Excited to announce our new product launch ğŸš€,Twitter,2024-01-13 12:30:00,72,1944,6
Throwback to our team retreat last year ğŸŒ´,Twitter,2023-11-10 15:45:00,37,1110,6
Why storytelling matters in product design ğŸ“š,LinkedIn,2023-03-01 08:30:00,7,119,0
Join us for a live webinar on AI and the future ğŸ§ ,Twitter,2025-02-07 12:45:00,11,143,2
Why storytelling matters in product design ğŸ“š,Twitter,2024-12-18 15:15:00,36,720,3
Throwback to our team retreat last year ğŸŒ´,Twitter,2024-12-06 22:00:00,19,361,1
Excited to announce our new product launch ğŸš€,Twitter,2024-10-03 13:15:00,51,1122,7
Our new office space is ready! Take a look ğŸ¢,LinkedIn,2024-06-24 17:30:00,25,275,1
Reflecting on our startup journey so far âœ¨,Twitter,2024-03-19 07:30:00,17,493,0
Our new office space is ready! Take a look ğŸ¢,Twitter,2023-08-16 14:00:00,35,735,6
Excited to announce our new product launch ğŸš€,LinkedIn,2023-10-10 21:00:00,61,1830,6
5 tools every startup should be using today ğŸ”§,LinkedIn,2023-01-23 09:30:00,9,234,1
Throwback to our team retreat last year ğŸŒ´,Twitter,2024-07-21 06:00:00,5,135,0
Throwback to our team retreat last year ğŸŒ´,Twitter,2023-12-19 17:30:00,12,312,2
Throwback to our team retreat last year ğŸŒ´,LinkedIn,2024-04-22 08:45:00,47,987,8
Our new office space is ready! Take a look ğŸ¢,LinkedIn,2025-02-14 08:45:00,24,336,2
"We just hit 10,000 followers, thank you all ğŸ™Œ",LinkedIn,2024-02-14 06:30:00,5,150,0
Throwback to our team retreat last year ğŸŒ´,Twitter,2023-09-24 12:00:00,33,363,5
How to stay productive while working remotely ğŸ’»,Twitter,2024-09-23 10:00:00,31,899,5
Join us for a live webinar on AI and the future ğŸ§ ,Twitter,2025-06-05 12:30:00,25,400,4
How to stay productive while working remotely ğŸ’»,Twitter,2024-10-26 12:00:00,5,145,0
"We just hit 10,000 followers, thank you all ğŸ™Œ",Twitter,2024-11-04 15:30:00,20,520,2
Join us for a live webinar on AI and the future ğŸ§ ,Twitter,2024-07-08 10:15:00,24,528,2
Join us for a live webinar on AI and the future ğŸ§ ,Twitter,2025-11-16 12:45:00,28,672,3
5 tools every startup should be using today ğŸ”§,LinkedIn,2024-02-03 15:30:00,13,260,1
Why storytelling matters in product design ğŸ“š,Twitter,2025-06-12 07:30:00,24,576,2
Reflecting on our startup journey so far âœ¨,Twitter,2024-06-12 11:00:00,23,621,3
Excited to announce our new product launch ğŸš€,Twitter,2023-09-11 08:00:00,49,1078,3
Hereâ€™s a quick tip for growing on LinkedIn ğŸ“ˆ,LinkedIn,2024-12-14 20:00:00,72,1440,8
Hereâ€™s a quick tip for growing on LinkedIn ğŸ“ˆ,Twitter,2024-04-24 17:30:00,37,444,6
Why storytelling matters in product design ğŸ“š,LinkedIn,2024-02-05 06:00:00,5,120,0
Our new office space is ready! Take a look ğŸ¢,Twitter,2023-08-09 16:15:00,53,689,5
Join us for a live webinar on AI and the future ğŸ§ ,LinkedIn,2023-04-07 06:30:00,16,240,1
Why storytelling matters in product design ğŸ“š,LinkedIn,2023-07-06 08:45:00,14,378,1
"We just hit 10,000 followers, thank you all ğŸ™Œ",Twitter,2023-04-22 15:00:00,44,792,6
Our new office space is ready! Take a look ğŸ¢,Twitter,2024-12-22 20:30:00,56,616,7
Excited to announce our new product launch ğŸš€,LinkedIn,2025-08-18 08:45:00,77,1617,10
Our new office space is ready! Take a look ğŸ¢,Twitter,2024-03-24 12:30:00,27,324,1
Our new office space is ready! Take a look ğŸ¢,Twitter,2025-10-12 19:15:00,43,731,6
How to stay productive while working remotely ğŸ’»,Twitter,2024-11-09 15:30:00,8,88,0
Join us for a live webinar on AI and the future ğŸ§ ,Twitter,2025-04-17 18:45:00,36,432,2
Hereâ€™s a quick tip for growing on LinkedIn ğŸ“ˆ,LinkedIn,2023-04-24 11:15:00,60,840,10
Excited to announce our new product launch ğŸš€,LinkedIn,2023-12-01 13:15:00,43,989,6
How to stay productive while working remotely ğŸ’»,LinkedIn,2023-07-22 13:00:00,18,396,1
Excited to announce our new product launch ğŸš€,LinkedIn,2023-08-17 08:00:00,51,1122,8
Why storytelling matters in product design ğŸ“š,LinkedIn,2024-03-10 10:45:00,31,558,4
5 tools every startup should be using today ğŸ”§,Twitter,2024-09-14 15:30:00,26,546,2
Our new office space is ready! Take a look ğŸ¢,LinkedIn,2025-06-25 06:30:00,42,672,6
Throwback to our team retreat last year ğŸŒ´,LinkedIn,2025-03-24 19:00:00,9,117,1
Our new office space is ready! Take a look ğŸ¢,LinkedIn,2025-10-13 15:00:00,65,650,11
How to stay productive while working remotely ğŸ’»,LinkedIn,2025-06-13 10:30:00,1,27,0
Our new office space is ready! Take a look ğŸ¢,LinkedIn,2023-05-13 16:15:00,56,728,8
Throwback to our team retreat last year ğŸŒ´,Twitter,2024-09-16 13:45:00,18,180,2
Join us for a live webinar on AI and the future ğŸ§ ,LinkedIn,2023-01-05 09:45:00,30,540,4
Hereâ€™s a quick tip for growing on LinkedIn ğŸ“ˆ,Twitter,2024-09-14 17:15:00,52,988,9
Reflecting on our startup journey so far âœ¨,Twitter,2024-02-17 11:30:00,34,918,3
5 tools every startup should be using today ğŸ”§,Twitter,2025-10-21 21:15:00,9,153,1
"We just hit 10,000 followers, thank you all ğŸ™Œ",LinkedIn,2023-03-23 07:30:00,40,1000,2
How to stay productive while working remotely ğŸ’»,Twitter,2024-06-16 06:45:00,1,28,0
Excited to announce our new product launch ğŸš€,LinkedIn,2025-02-21 15:00:00,57,855,5
Reflecting on our startup journey so far âœ¨,LinkedIn,2025-05-03 11:15:00,30,300,2
Join us for a live webinar on AI and the future ğŸ§ ,LinkedIn,2025-11-06 12:30:00,47,564,9
Why storytelling matters in product design ğŸ“š,Twitter,2023-11-16 09:00:00,50,750,4
5 tools every startup should be using today ğŸ”§,LinkedIn,2025-03-06 17:45:00,5,95,0
Excited to announce our new product launch ğŸš€,Twitter,2024-02-23 14:00:00,66,1650,9
Join us for a live webinar on AI and the future ğŸ§ ,LinkedIn,2025-05-19 21:15:00,52,520,7
How to stay productive while working remotely ğŸ’»,LinkedIn,2023-08-22 18:15:00,14,336,2
Throwback to our team retreat last year ğŸŒ´,Twitter,2024-08-19 12:45:00,19,437,1
Excited to announce our new product launch ğŸš€,LinkedIn,2023-11-20 09:45:00,34,986,5
Join us for a live webinar on AI and the future ğŸ§ ,Twitter,2025-11-12 13:15:00,17,289,2
"We just hit 10,000 followers, thank you all ğŸ™Œ",LinkedIn,2023-09-25 21:00:00,39,1014,6
"We just hit 10,000 followers, thank you all ğŸ™Œ",LinkedIn,2024-08-06 21:00:00,33,528,5
How to stay productive while working remotely ğŸ’»,LinkedIn,2024-10-03 21:15:00,0,0,0
Our new office space is ready! Take a look ğŸ¢,Twitter,2025-02-20 20:45:00,37,592,7
"We just hit 10,000 followers, thank you all ğŸ™Œ",Twitter,2025-11-26 18:45:00,40,440,6
Why storytelling matters in product design ğŸ“š,Twitter,2023-02-16 06:45:00,39,702,6
"We just hit 10,000 followers, thank you all ğŸ™Œ",LinkedIn,2024-04-18 14:45:00,7,126,0
Excited to announce our new product launch ğŸš€,Twitter,2025-02-06 12:45:00,40,520,6
Excited to announce our new product launch ğŸš€,LinkedIn,2025-09-21 08:30:00,40,480,2
How to stay productive while working remotely ğŸ’»,LinkedIn,2024-08-21 06:00:00,0,0,0
Excited to announce our new product launch ğŸš€,LinkedIn,2023-06-15 21:30:00,58,1160,9
Throwback to our team retreat last year ğŸŒ´,LinkedIn,2023-08-09 18:45:00,21,210,1
Hereâ€™s a quick tip for growing on LinkedIn ğŸ“ˆ,Twitter,2024-12-23 09:30:00,37,962,5
Join us for a live webinar on AI and the future ğŸ§ ,LinkedIn,2025-03-26 10:45:00,30,390,5
Join us for a live webinar on AI and the future ğŸ§ ,LinkedIn,2023-06-26 15:15:00,50,700,8
How to stay productive while working remotely ğŸ’»,LinkedIn,2023-05-04 17:30:00,14,350,1
Throwback to our team retreat last year ğŸŒ´,LinkedIn,2023-12-07 20:15:00,49,1225,8
"We just hit 10,000 followers, thank you all ğŸ™Œ",Twitter,2025-03-05 07:00:00,19,513,1
Join us for a live webinar on AI and the future ğŸ§ ,Twitter,2025-01-12 18:15:00,31,713,4
Throwback to our team retreat last year ğŸŒ´,Twitter,2024-05-09 19:30:00,28,644,4
Hereâ€™s a quick tip for growing on LinkedIn ğŸ“ˆ,Twitter,2025-05-26 10:30:00,43,516,3
Hereâ€™s a quick tip for growing on LinkedIn ğŸ“ˆ,LinkedIn,2025-11-24 19:45:00,63,1071,8
Our new office space is ready! Take a look ğŸ¢,LinkedIn,2023-12-03 06:30:00,51,969,6
Throwback to our team retreat last year ğŸŒ´,Twitter,2023-12-01 21:15:00,25,475,3
Our new office space is ready! Take a look ğŸ¢,LinkedIn,2024-09-01 06:45:00,55,990,8
Hereâ€™s a quick tip for growing on LinkedIn ğŸ“ˆ,Twitter,2025-04-03 16:30:00,36,972,3
Join us for a live webinar on AI and the future ğŸ§ ,Twitter,2025-02-19 06:30:00,15,255,1
5 tools every startup should be using today ğŸ”§,LinkedIn,2025-06-22 07:45:00,26,338,4
Throwback to our team retreat last year ğŸŒ´,LinkedIn,2024-02-23 14:45:00,24,408,2
Join us for a live webinar on AI and the future ğŸ§ ,Twitter,2025-08-01 18:00:00,18,198,1
How to stay productive while working remotely ğŸ’»,Twitter,2025-07-13 15:45:00,8,104,1
Excited to announce our new product launch ğŸš€,Twitter,2024-11-14 14:15:00,59,885,6
Why storytelling matters in product design ğŸ“š,LinkedIn,2024-02-10 18:00:00,11,132,1
Our new office space is ready! Take a look ğŸ¢,LinkedIn,2023-11-11 06:30:00,23,437,1
Excited to announce our new product launch ğŸš€,LinkedIn,2024-04-28 11:00:00,68,1904,12
Reflecting on our startup journey so far âœ¨,LinkedIn,2023-01-06 11:00:00,16,320,1
5 tools every startup should be using today ğŸ”§,Twitter,2024-04-27 06:15:00,15,195,1
Throwback to our team retreat last year ğŸŒ´,Twitter,2025-10-11 09:45:00,49,735,3
5 tools every startup should be using today ğŸ”§,LinkedIn,2024-08-11 13:30:00,6,174,0
Our new office space is ready! Take a look ğŸ¢,Twitter,2023-05-17 06:15:00,66,1980,4
5 tools every startup should be using today ğŸ”§,Twitter,2024-02-09 12:30:00,46,506,5
Join us for a live webinar on AI and the future ğŸ§ ,LinkedIn,2023-07-11 21:00:00,50,1450,9
"We just hit 10,000 followers, thank you all ğŸ™Œ",Twitter,2024-10-27 12:30:00,5,150,0
Join us for a live webinar on AI and the future ğŸ§ ,LinkedIn,2025-01-13 12:30:00,46,1380,4
Excited to announce our new product launch ğŸš€,LinkedIn,2024-07-09 10:45:00,52,520,3
Throwback to our team retreat last year ğŸŒ´,LinkedIn,2023-09-21 12:00:00,2,40,0
Why storytelling matters in product design ğŸ“š,LinkedIn,2023-10-22 19:15:00,40,560,2
Throwback to our team retreat last year ğŸŒ´,LinkedIn,2023-12-20 19:00:00,2,26,0
Our new office space is ready! Take a look ğŸ¢,LinkedIn,2024-09-08 20:30:00,41,656,8
"We just hit 10,000 followers, thank you all ğŸ™Œ",Twitter,2025-05-18 17:15:00,32,928,2
Hereâ€™s a quick tip for growing on LinkedIn ğŸ“ˆ,LinkedIn,2023-02-10 06:15:00,66,1650,10
Hereâ€™s a quick tip for growing on LinkedIn ğŸ“ˆ,LinkedIn,2023-12-09 07:30:00,66,1452,11
Why storytelling matters in product design ğŸ“š,LinkedIn,2025-01-07 15:00:00,46,1150,5
Reflecting on our startup journey so far âœ¨,LinkedIn,2024-01-07 06:30:00,29,667,2
Excited to announce our new product launch ğŸš€,LinkedIn,2025-04-08 07:45:00,63,882,10
How to stay productive while working remotely ğŸ’»,Twitter,2024-06-06 15:45:00,0,0,0
"We just hit 10,000 followers, thank you all ğŸ™Œ",Twitter,2023-11-27 17:00:00,25,700,1
Throwback to our team retreat last year ğŸŒ´,LinkedIn,2023-07-06 09:15:00,0,0,0
Reflecting on our startup journey so far âœ¨,LinkedIn,2025-06-07 13:15:00,49,1323,3
Our new office space is ready! Take a look ğŸ¢,Twitter,2023-04-23 21:00:00,65,1495,11
Reflecting on our startup journey so far âœ¨,Twitter,2025-01-11 14:45:00,55,1540,6
5 tools every startup should be using today ğŸ”§,LinkedIn,2025-12-08 13:30:00,16,416,1
Throwback to our team retreat last year ğŸŒ´,Twitter,2025-08-11 20:15:00,20,220,3
Throwback to our team retreat last year ğŸŒ´,Twitter,2024-06-04 19:30:00,43,860,6
Throwback to our team retreat last year ğŸŒ´,Twitter,2025-11-11 18:00:00,11,264,1
Join us for a live webinar on AI and the future ğŸ§ ,LinkedIn,2025-08-22 18:15:00,21,357,2
Excited to announce our new product launch ğŸš€,LinkedIn,2023-08-03 12:15:00,40,1120,4
How to stay productive while working remotely ğŸ’»,Twitter,2025-03-12 18:30:00,25,425,4
Reflecting on our startup journey so far âœ¨,LinkedIn,2025-06-06 09:45:00,30,660,2
5 tools every startup should be using today ğŸ”§,Twitter,2024-05-06 14:30:00,13,130,0
Excited to announce our new product launch ğŸš€,LinkedIn,2024-04-04 11:45:00,70,1680,4
Hereâ€™s a quick tip for growing on LinkedIn ğŸ“ˆ,Twitter,2025-08-02 14:15:00,50,1050,5
Excited to announce our new product launch ğŸš€,LinkedIn,2024-05-28 19:45:00,36,900,5
Why storytelling matters in product design ğŸ“š,LinkedIn,2023-06-26 18:30:00,40,960,6
Reflecting on our startup journey so far âœ¨,LinkedIn,2025-07-06 22:45:00,14,294,2
Why storytelling matters in product design ğŸ“š,Twitter,2025-04-16 09:30:00,43,1290,2
Reflecting on our startup journey so far âœ¨,LinkedIn,2023-02-24 17:30:00,47,846,5
5 tools every startup should be using today ğŸ”§,Twitter,2023-10-16 15:45:00,25,550,4
Reflecting on our startup journey so far âœ¨,Twitter,2023-02-27 17:15:00,10,210,0
Reflecting on our startup journey so far âœ¨,Twitter,2025-09-03 22:15:00,44,1276,2
Our new office space is ready! Take a look ğŸ¢,LinkedIn,2025-07-21 08:00:00,24,720,1
Reflecting on our startup journey so far âœ¨,LinkedIn,2023-08-06 14:30:00,48,1104,3
Why storytelling matters in product design ğŸ“š,Twitter,2024-12-26 16:00:00,24,696,2
Our new office space is ready! Take a look ğŸ¢,Twitter,2025-01-06 18:15:00,64,960,7
How to stay productive while working remotely ğŸ’»,Twitter,2025-07-01 09:45:00,6,120,1
Join us for a live webinar on AI and the future ğŸ§ ,Twitter,2024-10-11 13:30:00,28,700,3
Our new office space is ready! Take a look ğŸ¢,LinkedIn,2025-06-07 07:30:00,36,576,4
5 tools every startup should be using today ğŸ”§,Twitter,2024-08-05 12:30:00,3,66,0
Our new office space is ready! Take a look ğŸ¢,Twitter,2024-02-15 16:30:00,52,1196,4
Our new office space is ready! Take a look ğŸ¢,Twitter,2024-11-15 21:15:00,41,492,2
Throwback to our team retreat last year ğŸŒ´,LinkedIn,2023-07-03 22:30:00,21,231,2
5 tools every startup should be using today ğŸ”§,Twitter,2024-04-16 16:45:00,40,640,2
Throwback to our team retreat last year ğŸŒ´,LinkedIn,2024-06-09 21:00:00,23,253,3
Reflecting on our startup journey so far âœ¨,LinkedIn,2024-02-18 09:00:00,47,1128,8
Reflecting on our startup journey so far âœ¨,LinkedIn,2023-12-28 18:30:00,56,1624,10
How to stay productive while working remotely ğŸ’»,LinkedIn,2023-06-07 11:00:00,14,420,1
How to stay productive while working remotely ğŸ’»,Twitter,2023-03-11 09:00:00,2,24,0
Throwback to our team retreat last year ğŸŒ´,Twitter,2024-07-11 17:15:00,3,72,0
How to stay productive while working remotely ğŸ’»,LinkedIn,2025-07-02 18:00:00,39,624,5
How to stay productive while working remotely ğŸ’»,LinkedIn,2024-05-21 08:30:00,30,360,2
Reflecting on our startup journey so far âœ¨,LinkedIn,2025-03-25 20:00:00,25,650,3
Reflecting on our startup journey so far âœ¨,LinkedIn,2023-09-21 21:45:00,26,780,4
Hereâ€™s a quick tip for growing on LinkedIn ğŸ“ˆ,Twitter,2023-01-23 14:45:00,51,1428,9
Join us for a live webinar on AI and the future ğŸ§ ,LinkedIn,2024-03-18 21:00:00,52,936,3
Excited to announce our new product launch ğŸš€,LinkedIn,2025-02-09 15:45:00,62,1240,3
Reflecting on our startup journey so far âœ¨,LinkedIn,2025-02-11 19:45:00,60,720,11
Hereâ€™s a quick tip for growing on LinkedIn ğŸ“ˆ,LinkedIn,2025-09-17 10:00:00,77,2310,6
Our new office space is ready! Take a look ğŸ¢,Twitter,2024-11-08 12:30:00,22,638,4
Excited to announce our new product launch ğŸš€,LinkedIn,2024-01-07 10:45:00,52,1248,6
Join us for a live webinar on AI and the future ğŸ§ ,LinkedIn,2023-06-14 07:30:00,44,1276,2
Reflecting on our startup journey so far âœ¨,LinkedIn,2024-02-14 17:15:00,46,1196,4
Reflecting on our startup journey so far âœ¨,Twitter,2025-01-12 06:00:00,11,319,1
Join us for a live webinar on AI and the future ğŸ§ ,Twitter,2024-01-25 19:00:00,17,272,3
How to stay productive while working remotely ğŸ’»,LinkedIn,2023-05-18 08:45:00,35,840,6
5 tools every startup should be using today ğŸ”§,Twitter,2025-10-17 13:15:00,40,720,4
Throwback to our team retreat last year ğŸŒ´,LinkedIn,2023-12-04 14:30:00,47,940,5
"We just hit 10,000 followers, thank you all ğŸ™Œ",LinkedIn,2024-02-07 22:30:00,43,645,6
Throwback to our team retreat last year ğŸŒ´,LinkedIn,2023-03-19 11:45:00,34,442,5
Excited to announce our new product launch ğŸš€,LinkedIn,2024-05-28 22:45:00,46,1380,4
5 tools every startup should be using today ğŸ”§,Twitter,2023-06-18 18:30:00,22,616,2
Reflecting on our startup journey so far âœ¨,LinkedIn,2024-04-09 14:30:00,52,988,6
Throwback to our team retreat last year ğŸŒ´,LinkedIn,2024-02-14 10:15:00,46,1196,3
Why storytelling matters in product design ğŸ“š,LinkedIn,2024-11-11 13:45:00,16,464,3
5 tools every startup should be using today ğŸ”§,Twitter,2023-04-09 19:00:00,44,1144,6
Our new office space is ready! Take a look ğŸ¢,LinkedIn,2023-11-27 13:45:00,28,840,2
Throwback to our team retreat last year ğŸŒ´,Twitter,2024-04-10 19:30:00,42,714,3
Excited to announce our new product launch ğŸš€,Twitter,2025-09-05 08:30:00,29,551,4
"We just hit 10,000 followers, thank you all ğŸ™Œ",LinkedIn,2025-04-15 08:45:00,44,1232,8
"We just hit 10,000 followers, thank you all ğŸ™Œ",Twitter,2024-07-06 12:15:00,14,182,1
Reflecting on our startup journey so far âœ¨,Twitter,2024-10-18 09:15:00,57,684,2
Why storytelling matters in product design ğŸ“š,Twitter,2023-12-26 10:15:00,21,378,2
How to stay productive while working remotely ğŸ’»,LinkedIn,2024-03-28 15:30:00,28,644,4
5 tools every startup should be using today ğŸ”§,Twitter,2024-02-21 20:30:00,15,375,1
5 tools every startup should be using today ğŸ”§,LinkedIn,2025-05-09 11:00:00,17,238,2
How to stay productive while working remotely ğŸ’»,LinkedIn,2025-02-02 16:15:00,11,308,1
Reflecting on our startup journey so far âœ¨,LinkedIn,2025-01-27 15:00:00,60,1440,5
How to stay productive while working remotely ğŸ’»,LinkedIn,2023-04-01 06:30:00,3,48,0
Hereâ€™s a quick tip for growing on LinkedIn ğŸ“ˆ,Twitter,2025-12-07 09:30:00,54,1296,3
5 tools every startup should be using today ğŸ”§,LinkedIn,2023-09-11 12:30:00,21,420,2
"We just hit 10,000 followers, thank you all ğŸ™Œ",LinkedIn,2024-07-03 18:00:00,4,68,0
Excited to announce our new product launch ğŸš€,LinkedIn,2024-03-07 06:15:00,37,1110,1
Join us for a live webinar on AI and the future ğŸ§ ,LinkedIn,2023-08-24 20:15:00,43,430,4
How to stay productive while working remotely ğŸ’»,Twitter,2025-09-11 16:30:00,34,748,4
Reflecting on our startup journey so far âœ¨,LinkedIn,2023-12-22 09:00:00,39,507,4
Our new office space is ready! Take a look ğŸ¢,Twitter,2025-01-26 15:45:00,32,480,4
Excited to announce our new product launch ğŸš€,Twitter,2024-03-08 08:15:00,52,1560,10
Reflecting on our startup journey so far âœ¨,LinkedIn,2025-04-22 13:30:00,17,425,1
Throwback to our team retreat last year ğŸŒ´,Twitter,2024-01-18 09:45:00,19,551,2
Throwback to our team retreat last year ğŸŒ´,LinkedIn,2023-09-14 17:15:00,42,504,4
5 tools every startup should be using today ğŸ”§,LinkedIn,2024-07-25 15:00:00,10,260,0
Hereâ€™s a quick tip for growing on LinkedIn ğŸ“ˆ,LinkedIn,2025-05-06 10:15:00,50,1150,6
Throwback to our team retreat last year ğŸŒ´,LinkedIn,2024-12-14 08:30:00,36,540,4
Hereâ€™s a quick tip for growing on LinkedIn ğŸ“ˆ,LinkedIn,2024-07-17 18:15:00,68,2040,12
Throwback to our team retreat last year ğŸŒ´,LinkedIn,2023-01-26 21:00:00,39,624,7
Join us for a live webinar on AI and the future ğŸ§ ,Twitter,2024-10-18 09:30:00,42,840,7
Our new office space is ready! Take a look ğŸ¢,Twitter,2024-11-26 08:30:00,60,720,9
Excited to announce our new product launch ğŸš€,Twitter,2023-04-26 12:30:00,26,780,3
Throwback to our team retreat last year ğŸŒ´,Twitter,2023-04-09 16:45:00,33,759,6
Join us for a live webinar on AI and the future ğŸ§ ,LinkedIn,2024-01-09 07:00:00,31,744,1
Hereâ€™s a quick tip for growing on LinkedIn ğŸ“ˆ,LinkedIn,2024-04-15 17:45:00,59,1711,8
Excited to announce our new product launch ğŸš€,LinkedIn,2025-01-05 17:00:00,40,1080,3
"We just hit 10,000 followers, thank you all ğŸ™Œ",Twitter,2025-08-04 10:00:00,26,754,1
Excited to announce our new product launch ğŸš€,LinkedIn,2024-06-06 10:30:00,57,912,10
Join us for a live webinar on AI and the future ğŸ§ ,LinkedIn,2024-04-05 12:30:00,37,481,2
Join us for a live webinar on AI and the future ğŸ§ ,Twitter,2024-08-17 19:45:00,32,960,4
5 tools every startup should be using today ğŸ”§,LinkedIn,2024-06-22 06:00:00,6,156,0
5 tools every startup should be using today ğŸ”§,LinkedIn,2023-04-18 15:00:00,12,288,1
5 tools every startup should be using today ğŸ”§,LinkedIn,2023-07-03 07:15:00,19,323,2
How to stay productive while working remotely ğŸ’»,LinkedIn,2025-10-14 12:15:00,39,702,3
5 tools every startup should be using today ğŸ”§,LinkedIn,2024-05-11 16:00:00,20,560,1
Our new office space is ready! Take a look ğŸ¢,LinkedIn,2024-12-03 06:00:00,32,704,2
5 tools every startup should be using today ğŸ”§,LinkedIn,2025-02-12 08:30:00,12,192,1
Hereâ€™s a quick tip for growing on LinkedIn ğŸ“ˆ,LinkedIn,2023-10-03 07:15:00,68,1564,7
Why storytelling matters in product design ğŸ“š,Twitter,2024-07-21 17:00:00,9,126,0
Reflecting on our startup journey so far âœ¨,Twitter,2025-06-05 11:15:00,23,575,1
5 tools every startup should be using today ğŸ”§,Twitter,2024-11-11 09:15:00,37,777,5
5 tools every startup should be using today ğŸ”§,LinkedIn,2023-12-27 10:45:00,25,625,3
5 tools every startup should be using today ğŸ”§,Twitter,2025-03-21 09:30:00,6,108,1
Excited to announce our new product launch ğŸš€,LinkedIn,2023-09-15 09:15:00,28,364,1
How to stay productive while working remotely ğŸ’»,Twitter,2023-03-16 13:15:00,41,1189,4
Reflecting on our startup journey so far âœ¨,LinkedIn,2023-03-22 22:45:00,24,336,3
"We just hit 10,000 followers, thank you all ğŸ™Œ",LinkedIn,2023-11-06 19:45:00,50,750,4
"We just hit 10,000 followers, thank you all ğŸ™Œ",LinkedIn,2023-12-17 22:00:00,50,550,7
Our new office space is ready! Take a look ğŸ¢,LinkedIn,2025-01-06 15:15:00,41,902,7
Join us for a live webinar on AI and the future ğŸ§ ,Twitter,2023-01-01 06:15:00,45,855,7
